ID,Chain,SouthJ,CentralJ,NorthJ,PA1,PA2,Shore,Group,Empl,C.Owned,Hours.Opening,Soda,Fries,Treatment
46,1,0,0,0,1,0,0,0,30,0,16.5,1.03,1.03,0
49,2,0,0,0,1,0,0,0,6.5,0,13,1.01,0.9,0
506,2,0,0,0,1,0,0,0,3,1,10,0.95,0.74,0
56,4,0,0,0,1,0,0,0,20,1,12,0.87,0.82,0
61,4,0,0,0,1,0,0,0,6,1,12,0.87,0.77,0
62,4,0,0,0,1,0,0,0,0,1,12,0.87,0.77,0
445,1,0,0,0,0,1,0,0,50,0,18,1.04,0.88,0
451,1,0,0,0,0,1,0,0,10,0,24,1.05,0.84,0
455,2,0,0,0,0,1,0,0,2,1,10,0.73,0.73,0
458,2,0,0,0,1,0,0,0,2,1,10,0.94,0.73,0
462,3,0,0,0,0,1,0,0,2.5,1,12.5,1.05,1.01,0
468,1,0,0,0,0,1,0,0,40,0,18,0.95,0.94,0
469,1,0,0,0,0,1,0,0,8,0,18,0.92,0.72,0
470,1,0,0,0,0,1,0,0,10.5,0,18,0.97,0.84,0
474,1,0,0,0,0,1,0,0,6,0,12.5,1.13,0.98,0
481,2,0,0,0,0,1,0,0,5,1,10,0.95,0.74,0
483,2,0,0,0,0,1,0,0,1,1,10,0.94,0.73,0
487,3,0,0,0,0,1,0,0,10,1,11.5,1.11,0.91,0
488,3,0,0,0,0,1,0,0,20,0,16,1.05,0.79,0
489,3,0,0,0,0,1,0,0,5,0,14,1.05,1.01,0
490,3,0,0,0,0,1,0,0,10,1,16,1.05,1.01,0
493,3,0,0,0,1,0,0,0,27,1,16,1.05,0.9,0
495,3,0,0,0,0,1,0,0,4,0,15,1.05,1.01,0
496,3,0,0,0,0,1,0,0,10,1,16,1.05,0.9,0
499,4,0,0,0,0,1,0,0,0,1,12,0.9,0.69,0
509,3,0,0,0,0,1,0,0,3,1,16,1.05,0.95,0
515,3,0,0,0,0,1,0,0,7,1,16,1.05,0.94,0
37,1,0,0,0,1,0,0,0,21,0,16.5,0.98,0.84,0
39,1,0,0,0,1,0,0,0,1,0,17.5,1.03,0.73,0
40,1,0,0,0,1,0,0,0,10,0,16.5,0.98,0.82,0
41,1,0,0,0,1,0,0,0,0,0,16.5,0.98,0.82,0
42,1,0,0,0,1,0,0,0,17,0,16.5,0.98,0.83,0
45,1,0,0,0,1,0,0,0,0,0,16,0.98,0.83,0
47,1,0,0,0,1,0,0,0,25,0,17,1.05,0.86,0
48,1,0,0,0,1,0,0,0,6,0,14,1.01,0.84,0
50,2,0,0,0,1,0,0,0,6,0,12,1.01,0.89,0
51,2,0,0,0,1,0,0,0,0,0,13,1.01,0.89,0
57,4,0,0,0,1,0,0,0,30,1,12,0.87,0.79,0
58,4,0,0,0,1,0,0,0,8,1,12,0.87,0.77,0
59,4,0,0,0,1,0,0,0,0,0,10.5,0.91,0.89,0
60,4,0,0,0,1,0,0,0,10,0,11.5,0.94,0.74,0
407,2,0,0,0,0,1,0,0,2,1,10,0.95,0.74,0
430,1,0,0,0,1,0,0,0,20,0,15,0.95,0.75,0
432,1,0,0,0,1,0,0,0,20,0,16,0.94,0.74,0
433,1,0,0,0,1,0,0,0,10,0,16,0.95,0.73,0
434,1,0,0,0,1,0,0,0,15,0,16,0.95,0.75,0
435,1,0,0,0,1,0,0,0,1,0,15.5,0.95,0.75,0
438,2,0,0,0,1,0,0,0,0,0,8,1.01,0.84,0
440,4,0,0,0,1,0,0,0,0,0,11.5,0.89,0.79,0
441,4,0,0,0,1,0,0,0,30,0,11.5,0.89,0.77,0
443,4,0,0,0,1,0,0,0,4,0,11.5,0.89,0.79,0
444,4,0,0,0,1,0,0,0,12,0,12.5,0.89,0.8,0
446,1,0,0,0,0,1,0,0,NA,0,18,1.03,0.84,0
448,1,0,0,0,0,1,0,0,8,0,18,0.97,0.84,0
449,1,0,0,0,0,1,0,0,0,0,18,NA,NA,0
450,1,0,0,0,0,1,0,0,2,0,16.5,0.97,0.82,0
454,2,0,0,0,0,1,0,0,1,1,10,0.94,0.73,0
459,3,0,0,0,0,1,0,0,5,1,16,1.05,0.9,0
466,4,0,0,0,0,1,0,0,8,0,11.5,0.94,0.8,0
471,1,0,0,0,0,1,0,0,25,0,18,0.97,0.84,0
472,1,0,0,0,0,1,0,0,37.5,0,16.5,0.97,1.05,0
473,1,0,0,0,0,1,0,0,5,0,17,0.97,0.86,0
475,1,0,0,0,0,1,0,0,25,0,15,1.02,0.89,0
476,1,0,0,0,1,0,0,0,6,0,18,0.95,0.79,0
477,1,0,0,0,0,1,0,0,8,0,16.5,0.97,0.78,0
478,1,0,0,0,1,0,0,0,32,0,19,0.97,0.86,0
485,2,0,0,0,0,1,0,0,1,1,10,0.95,0.74,0
491,3,0,0,0,0,1,0,0,4,0,13,1.05,0.91,0
492,3,0,0,0,0,1,0,0,2,1,12.5,1.11,1.05,0
497,4,0,0,0,0,1,0,0,12,1,12,0.91,0.84,0
498,4,0,0,0,0,1,0,0,20,1,12,0.91,0.84,0
501,1,0,0,0,0,1,0,0,14,0,16.5,0.84,0.84,0
503,1,0,0,0,0,1,0,0,7.5,0,16.5,0.97,0.84,0
510,3,0,0,0,0,1,0,0,7,1,16,1.05,0.91,0
511,3,0,0,0,0,1,0,0,4,1,16.5,1.01,0.91,0
514,3,0,0,0,0,1,0,0,5,0,16,0.94,0.9,0
516,3,0,0,0,0,1,0,0,6,1,16,1.05,0.91,0
521,1,0,0,0,1,0,0,0,2.5,0,16.5,NA,NA,0
522,1,0,0,0,1,0,0,0,2,0,16,1,0.87,0
113,1,0,1,0,0,0,0,1,0,0,16,1.06,0.95,0
123,1,0,1,0,0,0,0,1,0,0,14.5,1.06,0.95,0
135,3,0,1,0,0,0,0,1,10,0,12.5,NA,NA,0
138,3,0,0,1,0,0,0,1,4.5,1,11.5,1.12,1.07,0
153,1,0,0,1,0,0,0,1,0,0,17,1,0.95,0
181,2,0,0,1,0,0,0,1,0,0,11,0.91,0.79,0
191,4,0,0,1,0,0,0,1,30,0,12,1.06,0.95,0
231,1,0,0,1,0,0,0,1,NA,0,16,1.02,1.02,0
236,1,0,0,1,0,0,0,1,0,0,17,1.18,1.02,0
254,4,1,0,0,0,0,1,1,20,0,16,1.06,0.86,0
255,4,1,0,0,0,0,0,1,0,0,14,1.01,0.79,0
294,1,0,0,1,0,0,0,1,0,0,16,1.06,0.95,0
306,3,0,0,1,0,0,0,1,15,1,17,1.02,NA,0
311,4,0,0,1,0,0,0,1,0,0,11.5,0.91,0.91,0
315,1,1,0,0,0,0,0,1,5,0,16,1,0.85,0
335,1,1,0,0,0,0,0,1,9,1,17,1.06,0.92,0
372,1,0,0,1,0,0,0,1,0,1,19,1.1,0.95,0
6,3,0,1,0,0,0,0,1,2,1,7,1.2,1.17,0
14,2,0,1,0,0,0,0,1,10,0,11,1.06,0.85,0
26,1,0,0,1,0,0,0,1,30,0,16,1.06,0.91,0
27,2,0,1,0,0,0,0,1,4,1,10,1.06,0.85,0
30,2,0,0,1,0,0,0,1,6,0,10,1.06,1.06,0
31,2,0,1,0,0,0,0,1,4,0,11,1.03,1.06,0
33,3,0,0,1,0,0,0,1,12,0,17,1.02,1.07,0
36,4,0,1,0,0,0,0,1,8,0,13,1.02,0.91,0
77,3,0,0,1,0,0,0,1,6,0,19,1.18,1.07,0
78,3,0,0,1,0,0,0,1,13,1,17,1.12,1.02,0
81,4,0,0,1,0,0,0,1,25,0,12,1.06,0.98,0
82,4,0,0,1,0,0,0,1,8,0,13.5,1.06,1.03,0
83,4,0,0,1,0,0,0,1,12.5,0,13.5,1.06,0.98,0
85,1,0,1,0,0,0,1,1,7,0,12.5,1.12,1.02,0
89,1,0,1,0,0,0,0,1,10,1,16,1.09,0.95,0
94,2,0,1,0,0,0,0,1,0,0,10,1.06,0.8,0
103,4,0,0,1,0,0,0,1,12.5,0,11.5,0.91,0.85,0
112,4,0,0,1,0,0,0,1,4,0,14,1.06,0.98,0
128,2,0,1,0,0,0,0,1,6.5,1,11,1.06,0.85,0
129,3,0,1,0,0,0,0,1,20,0,16,1.1,1,0
131,3,0,1,0,0,0,0,1,15,0,17,1.06,1.06,0
139,4,0,1,0,0,0,0,1,NA,0,12.5,0.95,0.95,0
143,4,0,1,0,0,0,0,1,0,0,11.5,0.95,0.95,0
144,4,0,1,0,0,0,0,1,10,0,12.5,0.91,0.85,0
145,1,0,0,1,0,0,0,1,5,0,16,1.06,0.95,0
147,1,0,0,1,0,0,0,1,8.5,0,14,1.12,0.89,0
148,1,0,0,1,0,0,0,1,4.5,0,17,1.06,0.95,0
151,1,0,0,1,0,0,0,1,1,0,15,1.09,0.81,0
152,1,0,0,1,0,0,0,1,35,0,15,1.17,0.95,0
157,2,0,0,1,0,0,0,1,10,0,12,0.91,0.85,0
161,3,0,0,1,0,0,0,1,8,1,17,1.12,1.02,0
163,3,0,0,1,0,0,0,1,12,1,16.5,1.2,1.07,0
164,3,0,0,1,0,0,0,1,4,1,19,1.12,1.02,0
165,4,0,0,1,0,0,0,1,20,0,12.5,1.06,0.89,0
169,1,0,0,1,0,0,0,1,12,1,16,1.1,0.94,0
170,1,0,0,1,0,0,0,1,10,1,16,1.1,1.02,0
187,3,0,0,1,0,0,1,1,4,0,15,1.12,1.09,0
190,3,0,0,1,0,0,0,1,5,1,16,1.02,1.07,0
196,4,0,0,1,0,0,0,1,8,1,11.5,0.95,0.85,0
197,1,0,0,1,0,0,0,1,23,0,17,0.99,0.89,0
234,1,0,0,1,0,0,0,1,0,0,16,1.12,NA,0
240,3,0,0,1,0,0,0,1,15,1,17,1.18,1.02,0
241,3,0,0,1,0,0,0,1,15,0,16,1.12,1.02,0
242,3,0,0,1,0,0,0,1,25,1,17,1.1,1.02,0
245,3,0,0,1,0,0,0,1,15,0,13.5,1.2,1.02,0
259,1,1,0,0,0,0,0,1,13,0,14.5,1.02,0.85,0
268,1,1,0,0,0,0,0,1,10,1,15,1.02,0.85,0
271,2,1,0,0,0,0,0,1,0,1,11,1.02,0.79,0
272,2,1,0,0,0,0,0,1,4,1,11,0.95,0.74,0
274,2,1,0,0,0,0,0,1,0,1,10,0.91,0.74,0
276,2,1,0,0,0,0,0,1,5,1,10.5,0.95,0.74,0
296,1,0,0,1,0,0,0,1,5,1,16,1.06,0.95,0
299,2,0,0,1,0,0,0,1,3,1,11.5,1.06,0.85,0
301,2,0,0,1,0,0,0,1,8,1,10.5,1.06,0.85,0
320,2,1,0,0,0,0,1,1,5,0,12,1.12,0.8,0
321,2,1,0,0,0,0,1,1,3,0,12.5,1.12,0.85,0
324,3,1,0,0,0,0,0,1,20,0,24,1.18,1.06,0
326,3,1,0,0,0,0,1,1,18,1,24,1.26,0.99,0
330,4,1,0,0,0,0,1,1,4,0,15.5,1.01,0.86,0
334,1,1,0,0,0,0,0,1,10,0,12.5,0.91,0.91,0
349,3,1,0,0,0,0,0,1,2.5,1,16,1.12,0.91,0
354,4,1,0,0,0,0,0,1,14,0,10.5,0.95,0.86,0
356,4,1,0,0,0,0,0,1,11.5,0,11.5,0.95,0.8,0
357,4,0,0,1,0,0,0,1,4.5,0,11.5,0.95,0.86,0
371,1,0,0,1,0,0,0,1,12,0,16,1.06,1.02,0
373,1,0,0,1,0,0,0,1,14,1,15.5,1.01,0.95,0
375,1,0,0,1,0,0,0,1,25,0,15,1.02,0.8,0
378,1,0,0,1,0,0,0,1,10,1,18.5,1.1,0.96,0
381,1,0,0,1,0,0,0,1,10,0,16.5,1.27,1.17,0
403,3,0,0,1,0,0,0,1,13,1,18,1.09,1.12,0
406,4,0,0,1,0,0,0,1,12,1,11.5,1.02,NA,0
407,4,0,0,1,0,0,0,1,5,1,10.5,1.17,1.17,0
409,1,0,0,1,0,0,0,1,3,0,15,1.19,0.87,0
1,1,0,1,0,0,0,0,1,16,0,16,0.93,0.83,0
2,1,0,1,0,0,0,0,1,10,0,14,1.06,0.91,0
3,2,0,1,0,0,0,0,1,6,0,10,1.06,0.95,0
4,3,0,1,0,0,0,0,1,10,0,12.5,1.06,1,0
5,3,0,1,0,0,0,0,1,5,0,17,0.95,NA,0
8,4,0,1,0,0,0,0,1,NA,0,12,1.02,0.91,0
9,1,0,1,0,0,0,0,1,12,0,16,1.04,0.67,0
10,1,0,1,0,0,0,0,1,15,0,16,1.04,0.85,0
11,1,0,1,0,0,0,0,1,10,0,16,1.09,0.89,0
12,1,0,1,0,0,0,0,1,6.5,0,16,1.05,0.79,0
13,2,0,1,0,0,0,0,1,0,0,10,1.06,0.95,0
15,3,0,1,0,0,0,0,1,3,0,17,1.02,0.98,0
16,3,0,1,0,0,0,0,1,6,0,17,1,1,0
17,3,0,1,0,0,0,0,1,0,0,17,1.06,1,0
18,3,0,1,0,0,0,0,1,15,0,17,NA,NA,0
19,1,1,0,0,0,0,0,1,4,0,16,1.05,0.91,0
21,2,1,0,0,0,0,0,1,5,0,10.5,1.06,0.8,0
22,3,1,0,0,0,0,0,1,3,0,16,1.06,0.84,0
23,1,0,0,1,0,0,0,1,0,0,16,1.06,0.95,0
24,1,0,1,0,0,0,0,1,15,0,16,1.06,0.95,0
28,2,0,0,1,0,0,0,1,0,0,10,1.06,1.17,0
29,2,0,0,1,0,0,0,1,0,0,11,1.06,1.01,0
32,3,0,0,1,0,0,0,1,10,0,11.5,1.12,1.02,0
34,3,0,0,1,0,0,0,1,5,1,11.5,1.12,1.02,0
35,4,0,0,1,0,0,0,1,25,0,11.5,0.96,0.95,0
38,1,0,1,0,0,0,0,1,15,0,17,1.05,0.95,0
63,1,0,0,1,0,0,0,1,26,1,18,1.1,0.97,0
64,1,0,0,1,0,0,0,1,20,0,16,1.06,0.95,0
65,1,0,0,1,0,0,0,1,0,0,15.5,1.06,0.85,0
66,1,0,0,1,0,0,0,1,15,0,17,1.06,0.95,0
67,1,0,0,1,0,0,0,1,5,0,13.5,1.17,1.06,0
68,1,0,0,1,0,0,0,1,30,0,17,1.07,1.02,0
69,1,0,0,1,0,0,0,1,0,0,18,1.17,0.95,0
70,1,0,0,1,0,0,0,1,35,0,16,1.06,0.95,0
71,1,0,0,1,0,0,0,1,0,0,17,1.06,0.95,0
73,2,0,0,1,0,0,0,1,0,0,12,1.06,1.06,0
75,2,0,0,1,0,0,0,1,3,0,11,1.17,1.27,0
76,3,0,0,1,0,0,0,1,8,1,17,1.12,1.02,0
79,3,0,0,1,0,0,0,1,6,1,17,1.17,1.02,0
80,4,0,0,1,0,0,0,1,4.5,0,11.5,1.06,0.98,0
84,1,0,1,0,0,0,0,1,4,0,16,1.04,0.85,0
86,1,0,1,0,0,0,0,1,11,0,15,1.06,0.94,0
87,1,0,1,0,0,0,1,1,0,0,15,1.06,0.86,0
88,1,1,0,0,0,0,0,1,3,0,15,1.06,0.87,0
91,1,0,1,0,0,0,1,1,8,1,17,1.09,0.93,0
92,1,0,1,0,0,0,1,1,4,1,15,1.09,0.95,0
93,1,0,0,1,0,0,0,1,2.5,1,16,NA,NA,0
95,2,0,1,0,0,0,0,1,18,0,10,1.06,0.8,0
96,2,0,0,1,0,0,0,1,0,0,10,1.06,1.01,0
97,2,0,1,0,0,0,0,1,0,0,10,1.02,0.75,0
98,2,0,1,0,0,0,1,1,0,0,10,1.06,0.8,0
99,3,0,1,0,0,0,1,1,60,1,24,1.23,NA,0
101,3,0,1,0,0,0,1,1,4.5,0,15,1.2,1.18,0
102,3,1,0,0,0,0,0,1,12,0,16,1.06,0.91,0
104,4,0,1,0,0,0,1,1,40,0,11.5,0.95,0.84,0
105,1,0,0,1,0,0,0,1,0,0,16.5,0.96,1,0
106,1,0,0,1,0,0,0,1,0,0,16,1.06,0.95,0
107,1,0,0,1,0,0,0,1,6,1,14.5,1.17,0.95,0
108,1,0,0,1,0,0,0,1,13.5,0,17,1.27,1.01,0
111,3,0,0,1,0,0,0,1,17,0,16,1.17,1.06,0
114,1,0,1,0,0,0,0,1,0,0,16,1.07,0.95,0
115,1,0,1,0,0,0,0,1,20,0,17,1.06,0.95,0
116,1,0,1,0,0,0,0,1,4,0,13,1.49,1.02,0
118,1,0,0,1,0,0,0,1,10,0,15,1.06,0.95,0
119,1,0,0,1,0,0,0,1,12,0,16.5,1.06,0.91,0
120,1,0,1,0,0,0,0,1,0,1,16,1.13,0.98,0
122,1,0,0,1,0,0,0,1,1,0,12.5,NA,1.12,0
124,1,0,1,0,0,0,0,1,8,0,15,1.06,0.91,0
125,2,0,1,0,0,0,0,1,15,0,12.5,0.91,0.85,0
130,3,0,1,0,0,0,0,1,7,1,18,1.12,1.07,0
132,3,0,1,0,0,0,0,1,20,1,24,1.28,1.06,0
133,3,0,1,0,0,0,0,1,6,1,17,1.12,1.07,0
134,3,0,1,0,0,0,0,1,5.5,0,16,1.09,NA,0
136,3,0,1,0,0,0,0,1,14.5,1,17,1.12,1.07,0
137,3,0,0,1,0,0,0,1,15,1,16,1.12,1.06,0
140,4,0,1,0,0,0,0,1,0,0,11.5,0.91,0.86,0
141,4,0,1,0,0,0,0,1,10,0,12.5,1.02,0.91,0
142,4,0,0,1,0,0,0,1,15,0,11.5,1.06,0.95,0
146,1,0,0,1,0,0,0,1,8,0,16,1.06,1,0
149,1,0,0,1,0,0,0,1,0,0,16,1.06,0.95,0
150,1,0,0,1,0,0,0,1,0,0,16,1.23,0.89,0
156,1,0,0,1,0,0,0,1,8,0,15,1.06,0.95,0
158,2,0,0,1,0,0,0,1,2,0,10,0.92,0.7,0
159,2,0,0,1,0,0,0,1,6,0,10.5,0.98,0.85,0
162,3,0,0,1,0,0,0,1,0,1,16.5,1.12,1.02,0
166,4,0,0,1,0,0,0,1,8,0,11.5,0.95,0.85,0
168,1,0,0,1,0,0,0,1,5,0,15,1.06,0.95,0
171,1,0,0,1,0,0,1,1,2,1,16,1.09,0.95,0
172,1,0,0,1,0,0,0,1,0,0,12.5,1.12,1.02,0
173,1,0,0,1,0,0,0,1,6,0,17.5,1.06,0.95,0
174,1,0,0,1,0,0,1,1,11,0,16,1.18,0.88,0
176,1,0,0,1,0,0,0,1,15,0,16,1.06,NA,0
178,2,0,0,1,0,0,1,1,13,1,10,0.91,0.85,0
179,2,0,0,1,0,0,0,1,2,0,10.5,0.91,0.91,0
180,2,0,0,1,0,0,1,1,8,0,11,1.06,1.01,0
182,2,1,0,0,0,0,1,1,3,0,11,1.06,1.01,0
183,2,0,0,1,0,0,0,1,12,0,11,1.06,1.01,0
185,2,0,1,0,0,0,1,1,2,0,10.5,1.06,1.01,0
186,3,0,0,1,0,0,0,1,10,0,16,1.12,1.02,0
189,3,0,0,1,0,0,0,1,4,0,15,1.12,1.07,0
192,4,0,0,1,0,0,0,1,20,0,12,0.91,0.85,0
193,4,0,0,1,0,0,1,1,1,0,11,0.95,0.85,0
195,4,0,0,1,0,0,1,1,0,0,11.5,1.06,0.85,0
198,1,0,0,1,0,0,0,1,NA,0,16,1.06,0.95,0
199,2,0,0,1,0,0,0,1,0,0,10,0.85,0.8,0
200,1,0,0,1,0,0,0,1,0,0,18,1.06,0.91,0
201,1,0,0,1,0,0,0,1,0,0,17,1.06,1.02,0
202,1,0,0,1,0,0,0,1,30,0,19,1.17,0.95,0
203,1,0,0,1,0,0,0,1,9,0,17,1.06,0.95,0
204,1,0,0,1,0,0,0,1,10,0,17.5,1.06,1,0
207,2,0,0,1,0,0,0,1,8,1,12,1.06,0.85,0
208,3,0,0,1,0,0,0,1,12,1,17,1.19,0.94,0
209,3,0,0,1,0,0,0,1,4,1,18,1.17,0.95,0
210,4,0,0,1,0,0,0,1,0,1,11.5,1.06,0.95,0
211,1,1,0,0,0,0,0,1,3,0,15,1.02,0.95,0
212,1,1,0,0,0,0,0,1,11,0,16,1.06,0.88,0
213,1,1,0,0,0,0,0,1,4.5,1,17.5,0.96,0.93,0
214,1,1,0,0,0,0,0,1,2,0,16,1.02,0.89,0
215,1,1,0,0,0,0,0,1,10,0,16,1.06,0.89,0
216,2,1,0,0,0,0,0,1,2,0,10.5,1.06,0.95,0
217,2,1,0,0,0,0,0,1,2,1,10,0.95,0.74,0
218,2,1,0,0,0,0,0,1,7,1,10,0.85,0.74,0
219,2,1,0,0,0,0,0,1,3,1,10,0.91,0.74,0
220,2,1,0,0,0,0,0,1,3,0,10,1.06,0.95,0
221,2,1,0,0,0,0,0,1,1,0,11,1.02,0.95,0
222,3,1,0,0,0,0,0,1,2,1,12.5,1.12,0.85,0
223,3,1,0,0,0,0,0,1,3,1,16,NA,NA,0
225,3,1,0,0,0,0,0,1,3,1,17,1.06,0.91,0
226,4,1,0,0,0,0,0,1,0,0,11.5,0.95,0.71,0
228,4,1,0,0,0,0,0,1,3,0,12.5,0.95,0.86,0
229,1,0,0,1,0,0,0,1,3,0,13.5,0.95,0.95,0
230,1,0,0,1,0,0,0,1,0,0,17,1.02,0.95,0
232,1,0,0,1,0,0,0,1,18,0,16,1.06,0.95,0
233,1,0,0,1,0,0,0,1,19,0,16,1.17,0.95,0
235,1,0,0,1,0,0,0,1,5,0,16,1.02,0.95,0
237,1,0,0,1,0,0,0,1,12,0,16,1.11,0.95,0
238,2,0,0,1,0,0,0,1,0,1,12,1.06,1.02,0
239,2,0,0,1,0,0,0,1,15,0,13.5,1.05,0.95,0
243,3,0,0,1,0,0,0,1,7,1,16.5,1.07,1.02,0
244,3,0,0,1,0,0,0,1,12,1,18,1.17,1.12,0
247,4,0,0,1,0,0,0,1,0,0,15.5,1.06,1.05,0
248,4,0,0,1,0,0,0,1,8,0,16,1.17,0.95,0
249,1,1,0,0,0,0,1,1,6,0,15,1.13,1.06,0
250,2,1,0,0,0,0,1,1,1,1,10,0.85,NA,0
253,3,1,0,0,0,0,0,1,7,1,13,1.23,1.06,0
257,1,1,0,0,0,0,1,1,20,0,16,1.02,0.88,0
258,1,1,0,0,0,0,0,1,4,0,16,1.06,0.92,0
260,1,1,0,0,0,0,0,1,10,1,16,1.06,0.93,0
262,1,1,0,0,0,0,0,1,7,0,16.5,1.06,0.95,0
264,1,1,0,0,0,0,0,1,0,0,15,1.02,0.88,0
265,1,1,0,0,0,0,0,1,0,0,16,1.02,0.88,0
267,1,1,0,0,0,0,0,1,6.5,0,16,0.9,0.8,0
269,2,1,0,0,0,0,0,1,2,1,10,0.95,0.69,0
273,2,1,0,0,0,0,0,1,2,1,10,0.95,0.74,0
275,2,1,0,0,0,0,0,1,4,1,11,0.95,0.79,0
277,2,1,0,0,0,0,0,1,2,1,10,0.95,0.85,0
278,2,1,0,0,0,0,0,1,3,1,10,0.95,0.74,0
282,3,1,0,0,0,0,0,1,2,1,16,1.06,0.91,0
284,3,1,0,0,0,0,0,1,5,1,16,1.02,0.91,0
285,3,1,0,0,0,0,0,1,3,1,16,1.02,0.91,0
286,3,1,0,0,0,0,0,1,1,1,11.5,1.12,NA,0
287,3,1,0,0,0,0,0,1,3,1,16,1.06,0.91,0
288,3,1,0,0,0,0,0,1,0,1,16,1.02,0.95,0
289,3,1,0,0,0,0,0,1,2,1,16,1.02,0.95,0
290,4,1,0,0,0,0,0,1,8,0,12.5,0.95,0.89,0
291,4,1,0,0,0,0,0,1,4,0,11.5,0.95,0.86,0
292,4,1,0,0,0,0,1,1,10,0,16,0.95,0.92,0
295,1,0,0,1,0,0,0,1,8,0,16.5,1.06,0.95,0
297,1,0,0,1,0,0,0,1,9,1,16,1.06,0.91,0
303,3,0,0,1,0,0,0,1,10,1,17,1.12,1,0
304,3,0,0,1,0,0,0,1,10,0,17,1.27,1.27,0
305,3,0,0,1,0,0,0,1,0,1,17,1.27,1.27,0
307,3,0,0,1,0,0,0,1,17.5,1,18,1.19,1.19,0
310,4,0,0,1,0,0,0,1,0,0,11.5,0.91,0.91,0
312,1,1,0,0,0,0,1,1,4,0,11,1.22,1.06,0
313,1,1,0,0,0,0,1,1,11,0,15,1.06,0.93,0
314,1,1,0,0,0,0,1,1,8,0,15,1.06,0.95,0
316,1,1,0,0,0,0,1,1,15,1,16,1.06,0.92,0
317,1,1,0,0,0,0,1,1,0,0,12,1.22,0.93,0
318,2,1,0,0,0,0,1,1,5,0,12,1.23,0.98,0
319,2,1,0,0,0,0,1,1,0,0,12.5,1.06,0.85,0
322,3,1,0,0,0,0,1,1,8,1,16,1.06,1.06,0
325,3,1,0,0,0,0,1,1,4,1,15,1.09,1.06,0
333,1,0,1,0,0,0,0,1,2,0,15,1.02,0.88,0
336,1,1,0,0,0,0,0,1,28,0,15,1.02,0.91,0
337,1,1,0,0,0,0,0,1,5,1,17,1.06,0.93,0
339,1,1,0,0,0,0,0,1,18,1,16,1.06,0.85,0
340,1,1,0,0,0,0,0,1,6,0,14.5,0.96,0.95,0
341,2,1,0,0,0,0,0,1,2,1,9.5,0.95,0.74,0
343,2,1,0,0,0,0,0,1,10,1,10.5,0.95,0.74,0
346,2,1,0,0,0,0,0,1,2,1,10,0.95,NA,0
348,3,0,1,0,0,0,0,1,3,1,10.5,1.02,1.06,0
350,3,1,0,0,0,0,0,1,8,1,16,1.06,0.91,0
351,3,1,0,0,0,0,0,1,2,1,16,1.02,0.9,0
352,3,0,0,1,0,0,0,1,0,1,11.5,1.12,0.91,0
353,3,1,0,0,0,0,0,1,7.5,1,16,1.07,0.85,0
355,4,0,1,0,0,0,0,1,2,0,11.5,0.95,0.92,0
359,1,1,0,0,0,0,0,1,0,1,15,1.02,0.85,0
360,1,1,0,0,0,0,0,1,3,0,15,1.06,0.84,0
361,1,1,0,0,0,0,0,1,6,0,16,1.02,0.91,0
362,2,1,0,0,0,0,0,1,6,0,12.5,1.06,0.81,0
363,2,1,0,0,0,0,0,1,0,0,12.5,1.06,0.8,0
364,2,1,0,0,0,0,0,1,3.5,0,12,0.95,0.85,0
366,3,1,0,0,0,0,0,1,2,0,11.5,1.02,0.91,0
368,4,1,0,0,0,0,0,1,0,0,12.5,0.89,0.86,0
369,1,0,0,1,0,0,0,1,0,1,15,1.17,1.06,0
370,1,0,0,1,0,0,0,1,20,0,16,1.06,0.95,0
376,1,0,0,1,0,0,0,1,4,0,14,0.95,0.95,0
377,1,0,0,1,0,0,0,1,12,0,14,1.06,0.95,0
379,1,0,0,1,0,0,0,1,20,0,16,1.06,1.06,0
380,1,0,0,1,0,0,0,1,10,0,16,1.06,0.95,0
383,1,0,0,1,0,0,0,1,6,0,16,1.15,0.95,0
384,1,0,0,1,0,0,0,1,NA,0,16,1.06,0.95,0
385,1,0,0,1,0,0,0,1,16,0,17,NA,NA,0
386,1,0,0,1,0,0,0,1,0,0,17,1.06,0.95,0
391,2,0,0,1,0,0,0,1,15,0,10,1.06,1.06,0
393,2,0,0,1,0,0,0,1,4,1,11,1.17,1.27,0
396,3,0,0,1,0,0,0,1,24,1,17,1.27,1.07,0
397,3,0,0,1,0,0,0,1,4,1,17,1.12,1.02,0
398,3,0,0,1,0,0,0,1,14,1,17,1.12,1.06,0
399,3,0,0,1,0,0,0,1,13,1,17,1.27,1.04,0
400,3,0,0,1,0,0,0,1,16,1,17,1.2,1.06,0
401,3,0,0,1,0,0,0,1,8,0,16,1.12,1.02,0
402,3,0,0,1,0,0,0,1,11,1,16,1.12,1.02,0
405,3,0,0,1,0,0,0,1,6,1,17,1.12,1.02,0
410,1,0,0,1,0,0,0,1,0,0,16,1.04,1.12,0
411,1,0,0,1,0,0,0,1,0,0,16,1.16,1.02,0
412,2,0,1,0,0,0,0,1,0,0,11,1.06,1.02,0
413,1,0,0,1,0,0,0,1,0,0,17,1.12,1.02,0
414,1,0,0,1,0,0,0,1,0,0,16,1.06,0.95,0
415,1,0,0,1,0,0,0,1,8,0,16,1.06,0.91,0
417,1,0,0,1,0,0,0,1,4,1,16,1.05,0.94,0
418,1,0,0,1,0,0,0,1,30,0,15,1.02,1.01,0
419,2,0,0,1,0,0,0,1,3,1,11,1.06,0.85,0
421,2,0,0,1,0,0,0,1,20,1,13,1.06,0.85,0
422,2,0,0,1,0,0,0,1,0,0,11,1.06,0.85,0
423,2,0,0,1,0,0,0,1,2,1,12,1.06,0.85,0
424,2,0,0,1,0,0,0,1,3.5,1,11,1.06,0.85,0
426,3,0,0,1,0,0,0,1,3,1,19,1.18,1.02,0
427,4,0,0,1,0,0,0,1,7,0,12.5,1.06,0.98,0
428,4,0,0,1,0,0,0,1,0,0,12.5,1.06,0.98,0
46,1,0,0,0,1,0,0,0,3.5,0,16,1.03,NA,1
49,2,0,0,0,1,0,0,0,0,0,8,1.01,0.89,1
506,2,0,0,0,1,0,0,0,3,1,4,0.95,0.74,1
56,4,0,0,0,1,0,0,0,0,1,6,0.92,0.79,1
61,4,0,0,0,1,0,0,0,28,1,6,1.01,0.84,1
62,4,0,0,0,1,0,0,0,NA,1,6,NA,0.84,1
445,1,0,0,0,0,1,0,0,15,0,19,1.04,0.86,1
451,1,0,0,0,0,1,0,0,26,0,22,1.11,0.84,1
455,2,0,0,0,0,1,0,0,3,1,4,0.94,0.84,1
458,2,0,0,0,1,0,0,0,2,1,3,0.9,0.73,1
462,3,0,0,0,0,1,0,0,1,1,6,1.01,1.01,1
468,1,0,0,0,0,1,0,0,9,0,19,0.97,0.84,1
469,1,0,0,0,0,1,0,0,7,0,19,0.92,0.81,1
470,1,0,0,0,0,1,0,0,18,0,19,1.03,0.84,1
474,1,0,0,0,0,1,0,0,5,0,8,1.09,0.94,1
481,2,0,0,0,0,1,0,0,15,1,4,0.74,0.73,1
483,2,0,0,0,0,1,0,0,4,1,4,0.95,0.74,1
487,3,0,0,0,0,1,0,0,6,1,4,1.05,1.01,1
488,3,0,0,0,0,1,0,0,5,0,12,1.01,1.01,1
489,3,0,0,0,0,1,0,0,2,0,5,1.01,1.01,1
490,3,0,0,0,0,1,0,0,2,1,14,1.01,1.01,1
493,3,0,0,0,1,0,0,0,0,1,14,1.02,1.01,1
495,3,0,0,0,0,1,0,0,8,0,14,0.96,1.01,1
496,3,0,0,0,0,1,0,0,10,1,14,1.01,1.01,1
499,4,0,0,0,0,1,0,0,0,1,6,0.9,0.69,1
509,3,0,0,0,0,1,0,0,5.5,1,13,1,1.01,1
515,3,0,0,0,0,1,0,0,5,1,14,1.01,1.01,1
37,1,0,0,0,1,0,0,0,6,0,16,0.98,0.84,1
39,1,0,0,0,1,0,0,0,5,0,16,1.05,NA,1
40,1,0,0,0,1,0,0,0,7,0,18,0.98,0.82,1
41,1,0,0,0,1,0,0,0,0,0,18,0.94,0.78,1
42,1,0,0,0,1,0,0,0,0,0,16,0.94,NA,1
45,1,0,0,0,1,0,0,0,11,0,18,0.98,0.75,1
47,1,0,0,0,1,0,0,0,0,0,19,1.05,0.86,1
48,1,0,0,0,1,0,0,0,7.5,0,10,0.98,0.79,1
50,2,0,0,0,1,0,0,0,4,0,8,1.01,0.89,1
51,2,0,0,0,1,0,0,0,6,0,8,1,0.89,1
57,4,0,0,0,1,0,0,0,7,1,6,1.01,0.78,1
58,4,0,0,0,1,0,0,0,0,1,6,1.04,0.84,1
59,4,0,0,0,1,0,0,0,0,0,3,1.01,0.84,1
60,4,0,0,0,1,0,0,0,10,0,6,0.98,0.84,1
407,2,0,0,0,0,1,0,0,1,1,4,0.95,0.84,1
430,1,0,0,0,1,0,0,0,0,0,14,0.91,0.73,1
432,1,0,0,0,1,0,0,0,25,0,14,0.94,0.74,1
433,1,0,0,0,1,0,0,0,0,0,14,0.94,0.74,1
434,1,0,0,0,1,0,0,0,19,0,14,0.95,0.8,1
435,1,0,0,0,1,0,0,0,0,0,13,0.94,0.74,1
438,2,0,0,0,1,0,0,0,2,0,24,0.95,0.84,1
440,4,0,0,0,1,0,0,0,0,0,5,1,0.8,1
441,4,0,0,0,1,0,0,0,0,0,5,1,0.8,1
443,4,0,0,0,1,0,0,0,5,0,5,1,0.8,1
444,4,0,0,0,1,0,0,0,10,0,5,0.89,NA,1
446,1,0,0,0,0,1,0,0,7,0,19,0.97,0.84,1
448,1,0,0,0,0,1,0,0,8,0,19,0.96,0.83,1
449,1,0,0,0,0,1,0,0,15,0,19,0.97,0.84,1
450,1,0,0,0,0,1,0,0,27.5,0,19,0.91,0.84,1
454,2,0,0,0,0,1,0,0,0,1,4,0.94,0.73,1
459,3,0,0,0,0,1,0,0,0,1,12,1.01,1.01,1
466,4,0,0,0,0,1,0,0,14,0,5,0.94,NA,1
471,1,0,0,0,0,1,0,0,12,0,19,0.97,0.86,1
472,1,0,0,0,0,1,0,0,8,0,17,0.96,0.84,1
473,1,0,0,0,0,1,0,0,26,0,17,0.97,0.84,1
475,1,0,0,0,0,1,0,0,10,0,12,1.02,0.94,1
476,1,0,0,0,1,0,0,0,5,0,19,0.96,0.84,1
477,1,0,0,0,0,1,0,0,6,0,17,0.96,0.84,1
478,1,0,0,0,1,0,0,0,8,0,19,1.01,0.88,1
485,2,0,0,0,0,1,0,0,4,1,4,1.01,0.73,1
491,3,0,0,0,0,1,0,0,0,0,1,NA,NA,1
492,3,0,0,0,0,1,0,0,4,1,7,1.11,1.11,1
497,4,0,0,0,0,1,0,0,NA,1,6,1.01,0.9,1
498,4,0,0,0,0,1,0,0,21,1,6,0.98,0.84,1
501,1,0,0,0,0,1,0,0,30,0,19,1.03,0.91,1
503,1,0,0,0,0,1,0,0,35,0,19,0.97,0.84,1
510,3,0,0,0,0,1,0,0,2.5,1,12,1.05,1.01,1
511,3,0,0,0,0,1,0,0,3,1,12,1.01,1.01,1
514,3,0,0,0,0,1,0,0,23,0,14,0.95,0.95,1
516,3,0,0,0,0,1,0,0,2,1,10,1.01,0.95,1
521,1,0,0,0,1,0,0,0,0,0,14,0.41,0.84,1
522,1,0,0,0,1,0,0,0,3,0,14,1,0.74,1
113,1,0,1,0,0,0,0,1,2,0,14,1.05,0.9,1
123,1,0,1,0,0,0,0,1,5,0,10,1.05,0.94,1
135,3,0,1,0,0,0,0,1,8,0,5,1.16,1.06,1
138,3,0,0,1,0,0,0,1,2,1,5,1.21,1.01,1
153,1,0,0,1,0,0,0,1,26.5,0,17,1.05,0.95,1
181,2,0,0,1,0,0,0,1,1,0,4,0.95,0.9,1
191,4,0,0,1,0,0,0,1,0,0,6,1.02,0.94,1
231,1,0,0,1,0,0,0,1,16,0,14,0.9,0.95,1
236,1,0,0,1,0,0,0,1,23,0,19,1.1,1.01,1
254,4,1,0,0,0,0,1,1,28,0,12,1,0.85,1
255,4,1,0,0,0,0,0,1,8,0,10,1,0.85,1
294,1,0,0,1,0,0,0,1,0,0,14,1.05,0.94,1
306,3,0,0,1,0,0,0,1,6,1,19,1.11,1.05,1
311,4,0,0,1,0,0,0,1,35,0,5,1.01,0.95,1
315,1,1,0,0,0,0,0,1,4.5,0,14,1.05,0.84,1
335,1,1,0,0,0,0,0,1,7,1,17,1.05,0.94,1
372,1,0,0,1,0,0,0,1,30,1,20,1.06,1.05,1
6,3,0,1,0,0,0,0,1,5,1,23,1.11,1.01,1
14,2,0,1,0,0,0,0,1,4,0,4,1.05,0.94,1
26,1,0,0,1,0,0,0,1,10,0,14,1.01,0.94,1
27,2,0,1,0,0,0,0,1,0,1,2,1.05,0.84,1
30,2,0,0,1,0,0,0,1,4,0,2,0.94,0.92,1
31,2,0,1,0,0,0,0,1,6,0,7,1,1.05,1
33,3,0,0,1,0,0,0,1,6,0,17,1.11,1.06,1
36,4,0,1,0,0,0,0,1,10,0,7,0.95,0.89,1
77,3,0,0,1,0,0,0,1,4,0,21,1.06,1.06,1
78,3,0,0,1,0,0,0,1,10,1,14,1.11,1.01,1
81,4,0,0,1,0,0,0,1,0,0,5,1.11,0.98,1
82,4,0,0,1,0,0,0,1,25,0,9,1.11,0.98,1
83,4,0,0,1,0,0,0,1,NA,0,10,1.11,0.89,1
85,1,0,1,0,0,0,1,1,0,0,7,1.11,1.01,1
89,1,0,1,0,0,0,0,1,6,1,14,1.11,1.01,1
94,2,0,1,0,0,0,0,1,2,0,2,1.05,0.79,1
103,4,0,0,1,0,0,0,1,NA,0,7,1.05,0.84,1
112,4,0,0,1,0,0,0,1,5,0,7,1.11,1.09,1
128,2,0,1,0,0,0,0,1,3,1,4,1.05,0.79,1
129,3,0,1,0,0,0,0,1,7,0,14,1.11,1,1
131,3,0,1,0,0,0,0,1,8,0,12,1.05,1.11,1
139,4,0,1,0,0,0,0,1,11,0,6,NA,NA,1
143,4,0,1,0,0,0,0,1,NA,0,1,NA,NA,1
144,4,0,1,0,0,0,0,1,4,0,7,0.94,0.94,1
145,1,0,0,1,0,0,0,1,10,0,14,1.05,0.96,1
147,1,0,0,1,0,0,0,1,6,0,10,1.13,0.91,1
148,1,0,0,1,0,0,0,1,7.5,0,17,1.05,0.94,1
151,1,0,0,1,0,0,0,1,0,0,1,NA,NA,1
152,1,0,0,1,0,0,0,1,12,0,12,1.16,0.94,1
157,2,0,0,1,0,0,0,1,12,0,4,0.95,0.83,1
161,3,0,0,1,0,0,0,1,26,1,17,1.11,1.06,1
163,3,0,0,1,0,0,0,1,1.5,1,12,NA,NA,1
164,3,0,0,1,0,0,0,1,5,1,17,1.11,1.06,1
165,4,0,0,1,0,0,0,1,10,0,7,1.05,0.98,1
169,1,0,0,1,0,0,0,1,20,1,14,1.11,1.05,1
170,1,0,0,1,0,0,0,1,20,1,14,1.29,1.11,1
187,3,0,0,1,0,0,1,1,5,0,12,1.11,1.06,1
190,3,0,0,1,0,0,0,1,7,1,12,1.05,1.01,1
196,4,0,0,1,0,0,0,1,0,1,7,1,0.9,1
197,1,0,0,1,0,0,0,1,5,0,17,1.05,0.95,1
234,1,0,0,1,0,0,0,1,10,0,14,1.04,1.01,1
240,3,0,0,1,0,0,0,1,15,1,17,1.1,1,1
241,3,0,0,1,0,0,0,1,15,0,14,1.15,1.05,1
242,3,0,0,1,0,0,0,1,12,1,14,1.11,1.06,1
245,3,0,0,1,0,0,0,1,8,0,8,1.11,1.11,1
259,1,1,0,0,0,0,0,1,15,0,11,1.05,NA,1
268,1,1,0,0,0,0,0,1,0,1,12,0.94,0.78,1
271,2,1,0,0,0,0,0,1,0,1,6,0.9,0.73,1
272,2,1,0,0,0,0,0,1,2,1,6,0.94,0.73,1
274,2,1,0,0,0,0,0,1,3,1,4,NA,NA,1
276,2,1,0,0,0,0,0,1,5,1,6,0.95,0.73,1
296,1,0,0,1,0,0,0,1,4,1,14,1.05,0.94,1
299,2,0,0,1,0,0,0,1,6,1,5,1.05,0.84,1
301,2,0,0,1,0,0,0,1,2,1,3,0.94,0.84,1
320,2,1,0,0,0,0,1,1,4,0,4,1.05,0.84,1
321,2,1,0,0,0,0,1,1,4,0,6,1.05,0.84,1
324,3,1,0,0,0,0,0,1,22,0,22,1.22,1.05,1
326,3,1,0,0,0,0,1,1,0,1,22,1.22,NA,1
330,4,1,0,0,0,0,1,1,3,0,11,0.94,0.79,1
334,1,1,0,0,0,0,0,1,0,0,7,0.9,0.9,1
349,3,1,0,0,0,0,0,1,0,1,12,1.01,1.01,1
354,4,1,0,0,0,0,0,1,9,0,3,1,0.85,1
356,4,1,0,0,0,0,0,1,0,0,5,1,0.85,1
357,4,0,0,1,0,0,0,1,21,0,7,1,0.84,1
371,1,0,0,1,0,0,0,1,11,0,14,NA,NA,1
373,1,0,0,1,0,0,0,1,18,1,13,1.1,0.94,1
375,1,0,0,1,0,0,0,1,0,0,12,1.05,0.94,1
378,1,0,0,1,0,0,0,1,20,1,21,1.05,0.99,1
381,1,0,0,1,0,0,0,1,15,0,16,1.37,1.16,1
403,3,0,0,1,0,0,0,1,11,1,14,1.11,1.06,1
406,4,0,0,1,0,0,0,1,17,1,7,0.84,0.94,1
407,4,0,0,1,0,0,0,1,8,1,3,1.05,1.16,1
409,1,0,0,1,0,0,0,1,0,0,12,1.09,1.04,1
1,1,0,1,0,0,0,0,1,20,0,14,1.05,0.79,1
2,1,0,1,0,0,0,0,1,7.5,0,12,1.05,1.01,1
3,2,0,1,0,0,0,0,1,4,0,4,1.05,0.94,1
4,3,0,1,0,0,0,0,1,5,0,9,1.22,1.37,1
5,3,0,1,0,0,0,0,1,10,0,17,1.05,0.94,1
8,4,0,1,0,0,0,0,1,15,0,8,1.01,1.01,1
9,1,0,1,0,0,0,0,1,0,0,14,1.11,0.92,1
10,1,0,1,0,0,0,0,1,15,0,14,0.94,0.87,1
11,1,0,1,0,0,0,0,1,12,0,14,1.05,0.87,1
12,1,0,1,0,0,0,0,1,15,0,14,1.01,0.92,1
13,2,0,1,0,0,0,0,1,2,0,4,1.01,0.94,1
15,3,0,1,0,0,0,0,1,5,0,17,1.05,1.01,1
16,3,0,1,0,0,0,0,1,7,0,17,1.05,1.01,1
17,3,0,1,0,0,0,0,1,4,0,17,1.05,0.94,1
18,3,0,1,0,0,0,0,1,8,0,17,1.05,1,1
19,1,1,0,0,0,0,0,1,6,0,14,1.04,0.93,1
21,2,1,0,0,0,0,0,1,0,0,2,0.94,0.94,1
22,3,1,0,0,0,0,0,1,3,0,12,1.05,1.05,1
23,1,0,0,1,0,0,0,1,14,0,16,1.05,0.94,1
24,1,0,1,0,0,0,0,1,15,0,1,1.05,0.94,1
28,2,0,0,1,0,0,0,1,6,0,2,NA,1.05,1
29,2,0,0,1,0,0,0,1,0,0,4,1.05,1.05,1
32,3,0,0,1,0,0,0,1,2,0,5,1.22,1.11,1
34,3,0,0,1,0,0,0,1,11,1,5,1.22,1.11,1
35,4,0,0,1,0,0,0,1,13,0,5,1.03,NA,1
38,1,0,1,0,0,0,0,1,10,0,18,0.98,0.82,1
63,1,0,0,1,0,0,0,1,15,1,19,1.11,1.01,1
64,1,0,0,1,0,0,0,1,13,0,14,1.05,0.95,1
65,1,0,0,1,0,0,0,1,NA,0,1,NA,NA,1
66,1,0,0,1,0,0,0,1,26,0,17,1.05,0.95,1
67,1,0,0,1,0,0,0,1,4,0,9,1.32,1.05,1
68,1,0,0,1,0,0,0,1,13,0,17,1.05,0.95,1
69,1,0,0,1,0,0,0,1,0,0,19,1.26,1.01,1
70,1,0,0,1,0,0,0,1,10,0,14,1.05,0.95,1
71,1,0,0,1,0,0,0,1,29,0,17,1.05,0.95,1
73,2,0,0,1,0,0,0,1,14,0,4,1.05,1.05,1
75,2,0,0,1,0,0,0,1,4,0,4,1.16,1.16,1
76,3,0,0,1,0,0,0,1,25,1,16,1.11,1.06,1
79,3,0,0,1,0,0,0,1,8,1,14,1.11,1.06,1
80,4,0,0,1,0,0,0,1,11,0,7,1.12,0.98,1
84,1,0,1,0,0,0,0,1,12,0,14,1.05,0.9,1
86,1,0,1,0,0,0,0,1,9,0,12,1.05,1.05,1
87,1,0,1,0,0,0,1,1,0,0,12,1,0.99,1
88,1,1,0,0,0,0,0,1,4,0,12,1.05,0.87,1
91,1,0,1,0,0,0,1,1,0,1,17,1.11,1.05,1
92,1,0,1,0,0,0,1,1,14,1,12,1.11,1.01,1
93,1,0,0,1,0,0,0,1,5,1,14,1.11,1.05,1
95,2,0,1,0,0,0,0,1,0,0,2,1.05,0.75,1
96,2,0,0,1,0,0,0,1,0,0,3,1.05,0.94,1
97,2,0,1,0,0,0,0,1,2.5,0,2,1.05,0.8,1
98,2,0,1,0,0,0,1,1,3,0,2,1.05,0.9,1
99,3,0,1,0,0,0,1,1,30,1,22,1.22,1.17,1
101,3,0,1,0,0,0,1,1,10,0,12,1.15,1.1,1
102,3,1,0,0,0,0,0,1,0,0,12,1.07,1.01,1
104,4,0,1,0,0,0,1,1,11,0,7,1,0.84,1
105,1,0,0,1,0,0,0,1,0,0,16,1.05,0.99,1
106,1,0,0,1,0,0,0,1,2,0,14,1.05,0.95,1
107,1,0,0,1,0,0,0,1,13.5,1,10,NA,1.01,1
108,1,0,0,1,0,0,0,1,11,0,17,1.37,1.02,1
111,3,0,0,1,0,0,0,1,20,0,14,1.16,1.16,1
114,1,0,1,0,0,0,0,1,20,0,16,1.11,0.94,1
115,1,0,1,0,0,0,0,1,6,0,17,1.05,0.95,1
116,1,0,1,0,0,0,0,1,22,0,8,1.39,0.95,1
118,1,0,0,1,0,0,0,1,18,0,12,1.05,0.94,1
119,1,0,0,1,0,0,0,1,18,0,18,1.05,0.89,1
120,1,0,1,0,0,0,0,1,0,1,14,1.05,1.05,1
122,1,0,0,1,0,0,0,1,10,0,7,1.15,0.94,1
124,1,0,1,0,0,0,0,1,21,0,12,1.16,0.94,1
125,2,0,1,0,0,0,0,1,0,0,6,1.01,1.01,1
130,3,0,1,0,0,0,0,1,2,1,14,1.11,1.06,1
132,3,0,1,0,0,0,0,1,15,1,10,NA,NA,1
133,3,0,1,0,0,0,0,1,3,1,12,1.11,1.06,1
134,3,0,1,0,0,0,0,1,6,0,14,1.11,1.06,1
136,3,0,1,0,0,0,0,1,NA,1,14,NA,NA,1
137,3,0,0,1,0,0,0,1,12,1,12,1.11,1.11,1
140,4,0,1,0,0,0,0,1,5,0,5,1,0.94,1
141,4,0,1,0,0,0,0,1,10,0,7,1.05,0.84,1
142,4,0,0,1,0,0,0,1,40,0,5,1.01,0.89,1
146,1,0,0,1,0,0,0,1,0,0,14,1.05,0.99,1
149,1,0,0,1,0,0,0,1,8,0,14,1.05,0.94,1
150,1,0,0,1,0,0,0,1,12,0,12,1.11,0.88,1
156,1,0,0,1,0,0,0,1,2,0,12,0.95,0.94,1
158,2,0,0,1,0,0,0,1,3,0,5,0.95,0.94,1
159,2,0,0,1,0,0,0,1,10,0,5,0.95,0.84,1
162,3,0,0,1,0,0,0,1,3,1,13,1.11,1.01,1
166,4,0,0,1,0,0,0,1,0,0,7,1.11,0.84,1
168,1,0,0,1,0,0,0,1,0,0,14,1.11,0.95,1
171,1,0,0,1,0,0,1,1,10,1,14,1.18,1.04,1
172,1,0,0,1,0,0,0,1,7,0,8,1.11,1.01,1
173,1,0,0,1,0,0,0,1,11,0,19,1.05,0.94,1
174,1,0,0,1,0,0,1,1,20,0,14,1.05,0.9,1
176,1,0,0,1,0,0,0,1,20,0,14,1.04,1.06,1
178,2,0,0,1,0,0,1,1,1,1,3,1.01,0.94,1
179,2,0,0,1,0,0,0,1,2,0,4,0.94,0.84,1
180,2,0,0,1,0,0,1,1,0,0,6,1.05,1.05,1
182,2,1,0,0,0,0,1,1,0,0,2,1.05,1,1
183,2,0,0,1,0,0,0,1,15,0,3,1.05,1,1
185,2,0,1,0,0,0,1,1,2,0,3,1.05,1,1
186,3,0,0,1,0,0,0,1,12,0,14,1.17,1.06,1
189,3,0,0,1,0,0,0,1,0,0,12,1.11,1.06,1
192,4,0,0,1,0,0,0,1,4.5,0,7,1.05,0.84,1
193,4,0,0,1,0,0,1,1,4,0,8,1.01,0.9,1
195,4,0,0,1,0,0,1,1,8,0,7,0.94,0.84,1
198,1,0,0,1,0,0,0,1,10,0,14,1.05,0.94,1
199,2,0,0,1,0,0,0,1,11,0,3,0.91,0.9,1
200,1,0,0,1,0,0,0,1,5,0,18,1.05,0.94,1
201,1,0,0,1,0,0,0,1,16,0,17,1.05,0.95,1
202,1,0,0,1,0,0,0,1,13,0,21,1.15,0.95,1
203,1,0,0,1,0,0,0,1,4,0,17,1.05,0.95,1
204,1,0,0,1,0,0,0,1,12,0,18,1.05,0.99,1
207,2,0,0,1,0,0,0,1,8.5,1,6,1.05,0.84,1
208,3,0,0,1,0,0,0,1,5,1,10,1.06,1.06,1
209,3,0,0,1,0,0,0,1,6,1,14,1.11,1.06,1
210,4,0,0,1,0,0,0,1,0,1,4,NA,NA,1
211,1,1,0,0,0,0,0,1,2,0,12,NA,0.9,1
212,1,1,0,0,0,0,0,1,20,0,14,1.05,0.94,1
213,1,1,0,0,0,0,0,1,12,1,18,1.05,0.94,1
214,1,1,0,0,0,0,0,1,0,0,15,1.04,0.93,1
215,1,1,0,0,0,0,0,1,20,0,14,0.93,0.84,1
216,2,1,0,0,0,0,0,1,2,0,3,1.05,0.94,1
217,2,1,0,0,0,0,0,1,0,1,3,0.94,0.73,1
218,2,1,0,0,0,0,0,1,5,1,4,0.95,0.73,1
219,2,1,0,0,0,0,0,1,9,1,3,0.94,0.73,1
220,2,1,0,0,0,0,0,1,3,0,2,1.09,0.9,1
221,2,1,0,0,0,0,0,1,1,0,4,1.05,0.94,1
222,3,1,0,0,0,0,0,1,2,1,5,1.01,1.01,1
223,3,1,0,0,0,0,0,1,3,1,12,1.01,1.01,1
225,3,1,0,0,0,0,0,1,12,1,17,1.01,1.01,1
226,4,1,0,0,0,0,0,1,0,0,3,1,0.85,1
228,4,1,0,0,0,0,0,1,11,0,7,1,0.84,1
229,1,0,0,1,0,0,0,1,22,0,9,1.01,0.94,1
230,1,0,0,1,0,0,0,1,15,0,17,1.05,0.94,1
232,1,0,0,1,0,0,0,1,18,0,12,1.05,0.95,1
233,1,0,0,1,0,0,0,1,15,0,14,1.05,0.94,1
235,1,0,0,1,0,0,0,1,NA,0,12,1.11,1.11,1
237,1,0,0,1,0,0,0,1,9,0,13,0.94,0.94,1
238,2,0,0,1,0,0,0,1,25,1,6,1.05,1.05,1
239,2,0,0,1,0,0,0,1,0,0,7,1.05,0.84,1
243,3,0,0,1,0,0,0,1,7,1,13,1.11,1.06,1
244,3,0,0,1,0,0,0,1,16,1,17,1.11,1.12,1
247,4,0,0,1,0,0,0,1,0,0,13,1.11,1.09,1
248,4,0,0,1,0,0,0,1,10,0,14,1.37,0.95,1
249,1,1,0,0,0,0,1,1,10,0,12,1.01,1.01,1
250,2,1,0,0,0,0,1,1,2,1,2,0.94,0.84,1
253,3,1,0,0,0,0,0,1,4,1,14,1.23,1.11,1
257,1,1,0,0,0,0,1,1,NA,0,1,NA,NA,1
258,1,1,0,0,0,0,0,1,20,0,19,1.08,0.94,1
260,1,1,0,0,0,0,0,1,4,1,14,1.09,0.94,1
262,1,1,0,0,0,0,0,1,0,0,18,1.08,1.02,1
264,1,1,0,0,0,0,0,1,0,0,14,1.05,1.11,1
265,1,1,0,0,0,0,0,1,0,0,1,NA,NA,1
267,1,1,0,0,0,0,0,1,30,0,14,1.05,0.88,1
269,2,1,0,0,0,0,0,1,10,1,4,0.94,0.73,1
273,2,1,0,0,0,0,0,1,2,1,2,0.95,0.74,1
275,2,1,0,0,0,0,0,1,1,1,3,0.94,0.73,1
277,2,1,0,0,0,0,0,1,1,1,2,0.94,0.73,1
278,2,1,0,0,0,0,0,1,0,1,4,0.95,0.73,1
282,3,1,0,0,0,0,0,1,0,1,1,NA,NA,1
284,3,1,0,0,0,0,0,1,6,1,14,1.01,1.01,1
285,3,1,0,0,0,0,0,1,3,1,14,1.01,1.01,1
286,3,1,0,0,0,0,0,1,2,1,5,1.02,1.01,1
287,3,1,0,0,0,0,0,1,2,1,14,1.01,1.01,1
288,3,1,0,0,0,0,0,1,5,1,14,1.01,1.01,1
289,3,1,0,0,0,0,0,1,3,1,12,1.01,1.01,1
290,4,1,0,0,0,0,0,1,0,0,5,1,0.85,1
291,4,1,0,0,0,0,0,1,5,0,5,1,0.85,1
292,4,1,0,0,0,0,1,1,15,0,14,1,0.84,1
295,1,0,0,1,0,0,0,1,NA,0,19,1.05,0.94,1
297,1,0,0,1,0,0,0,1,15,1,14,1.05,0.94,1
303,3,0,0,1,0,0,0,1,12,1,14,1.05,1.05,1
304,3,0,0,1,0,0,0,1,10,0,22,1.4,1.29,1
305,3,0,0,1,0,0,0,1,5,1,19,1.37,1.31,1
307,3,0,0,1,0,0,0,1,25,1,22,1.26,NA,1
310,4,0,0,1,0,0,0,1,3,0,5,0.97,0.9,1
312,1,1,0,0,0,0,1,1,3,0,2,1.26,1.05,1
313,1,1,0,0,0,0,1,1,0,0,12,1,1.01,1
314,1,1,0,0,0,0,1,1,15,0,14,1.05,0.74,1
316,1,1,0,0,0,0,1,1,12,1,14,1.05,0.94,1
317,1,1,0,0,0,0,1,1,4,0,3,1.26,1.05,1
318,2,1,0,0,0,0,1,1,7,0,5,1.11,0.95,1
319,2,1,0,0,0,0,1,1,22,0,5,0.95,0.9,1
322,3,1,0,0,0,0,1,1,12,1,12,0.96,1.01,1
325,3,1,0,0,0,0,1,1,1,1,12,1.02,1.01,1
333,1,0,1,0,0,0,0,1,3,0,12,1.04,0.87,1
336,1,1,0,0,0,0,0,1,10,0,14,0.95,1.05,1
337,1,1,0,0,0,0,0,1,25,1,17,NA,NA,1
339,1,1,0,0,0,0,0,1,5,1,14,0.95,0.95,1
340,1,1,0,0,0,0,0,1,15,0,14,1.05,0.84,1
341,2,1,0,0,0,0,0,1,3,1,4,0.9,0.84,1
343,2,1,0,0,0,0,0,1,4,1,6,0.95,0.85,1
346,2,1,0,0,0,0,0,1,3,1,4,0.85,NA,1
348,3,0,1,0,0,0,0,1,0,1,1,NA,NA,1
350,3,1,0,0,0,0,0,1,5,1,17,1.01,1.01,1
351,3,1,0,0,0,0,0,1,10,1,14,1.01,1.01,1
352,3,0,0,1,0,0,0,1,NA,1,1,0.95,0.95,1
353,3,1,0,0,0,0,0,1,NA,1,14,1.01,1.01,1
355,4,0,1,0,0,0,0,1,3,0,5,1,0.85,1
359,1,1,0,0,0,0,0,1,0,1,14,1.05,0.87,1
360,1,1,0,0,0,0,0,1,5,0,14,1.05,0.87,1
361,1,1,0,0,0,0,0,1,4,0,14,0.9,0.93,1
362,2,1,0,0,0,0,0,1,24,0,7,1.05,0.84,1
363,2,1,0,0,0,0,0,1,14,0,7,1.01,0.8,1
364,2,1,0,0,0,0,0,1,1,0,7,1.05,0.84,1
366,3,1,0,0,0,0,0,1,1,0,5,1.01,0.9,1
368,4,1,0,0,0,0,0,1,0,0,5,1,0.85,1
369,1,0,0,1,0,0,0,1,0,1,1,NA,NA,1
370,1,0,0,1,0,0,0,1,26,0,14,NA,NA,1
376,1,0,0,1,0,0,0,1,0,0,10,1.26,1.01,1
377,1,0,0,1,0,0,0,1,11,0,10,1.05,0.95,1
379,1,0,0,1,0,0,0,1,28,0,14,1.06,1.06,1
380,1,0,0,1,0,0,0,1,15,0,14,1.05,0.94,1
383,1,0,0,1,0,0,0,1,7,0,14,1.16,1.01,1
384,1,0,0,1,0,0,0,1,0,0,14,1.05,1.05,1
385,1,0,0,1,0,0,0,1,15,0,17,1.16,1.22,1
386,1,0,0,1,0,0,0,1,14,0,17,1.05,0.95,1
391,2,0,0,1,0,0,0,1,12,0,2,1.05,1.05,1
393,2,0,0,1,0,0,0,1,18,1,4,1.16,1.26,1
396,3,0,0,1,0,0,0,1,8,1,14,1.11,1.05,1
397,3,0,0,1,0,0,0,1,6,1,17,1.17,1.06,1
398,3,0,0,1,0,0,0,1,25,1,17,1.11,1.06,1
399,3,0,0,1,0,0,0,1,18,1,14,1.26,1.08,1
400,3,0,0,1,0,0,0,1,8,1,14,1.17,1.01,1
401,3,0,0,1,0,0,0,1,5,0,14,1.12,1.05,1
402,3,0,0,1,0,0,0,1,17,1,12,1.11,1.05,1
405,3,0,0,1,0,0,0,1,1.5,1,14,1.12,1.01,1
410,1,0,0,1,0,0,0,1,0,0,14,1.19,0.98,1
411,1,0,0,1,0,0,0,1,4,0,14,1.15,1.01,1
412,2,0,1,0,0,0,0,1,0,0,4,1.15,1.05,1
413,1,0,0,1,0,0,0,1,0,0,17,1.11,1.01,1
414,1,0,0,1,0,0,0,1,13,0,14,1.15,0.95,1
415,1,0,0,1,0,0,0,1,0,0,14,1.05,0.9,1
417,1,0,0,1,0,0,0,1,13,1,14,1.11,1.09,1
418,1,0,0,1,0,0,0,1,0,0,14,1.03,0.9,1
419,2,0,0,1,0,0,0,1,5,1,4,1.05,0.84,1
421,2,0,0,1,0,0,0,1,25,1,8,1.05,0.84,1
422,2,0,0,1,0,0,0,1,5,0,4,1.01,0.84,1
423,2,0,0,1,0,0,0,1,19,1,4,1.05,0.84,1
424,2,0,0,1,0,0,0,1,12,1,10,1.05,0.94,1
426,3,0,0,1,0,0,0,1,5,1,19,1.11,1.05,1
427,4,0,0,1,0,0,0,1,0,0,7,1.11,1.09,1
428,4,0,0,1,0,0,0,1,10,0,7,1.05,0.89,1
