"","GPA_9","GPA_8","Treatment","STD_math_7","STD_math_8","STD_math_8c"
"1",3.12665955135392,2.89186530241838,0,76.6398786618123,86.4768596690359,26.4768596690359
"2",2.76128824267335,1.06723303553584,0,32.7528448876129,84.7943915499672,24.7943915499672
"3",2.16983868541239,2.45175559871829,1,65.4215324184168,57.9608538510348,-2.03914614896522
"4",1.31031412453599,0.565265702691485,1,18.9979864617875,42.0176393771064,-17.9823606228936
"5",2.81778689666122,2.70905600752601,0,63.5630081934213,68.703813978137,8.70381397813705
"6",1.9231093413866,1.51527962902819,1,40.7868783450807,53.0055894382081,-6.99441056179189
"7",2.70539091579367,0.873864058448393,0,24.1943729019361,79.526497530159,19.526497530159
"8",2.04905198545437,2.29705504095118,0,65.2558029185325,63.6013673103938,3.60136731039382
"9",1.55687269371011,2.98604126940563,1,77.4193784068045,38.0730986857865,-21.9269013142135
"10",2.46490304321009,2.51041244472339,0,66.6613387347103,69.4241231613957,9.4241231613957
"11",1.94330299483137,1.0677259270149,1,19.426326347887,42.9992311171451,-17.0007688828549
"12",3.25139786381124,2.85090823334594,0,75.1711216136707,89.443045935825,29.443045935825
"13",1.45578741929207,2.49526576721617,1,69.1188357897638,41.6944356024406,-18.3055643975594
"14",2.84922385675028,3.05580631162597,0,80.2933749616051,77.937384157223,17.937384157223
"15",3.02484045149619,2.59743982689686,0,70.8009080417075,86.5238747246282,26.5238747246282
"16",2.85520097874792,3.24585450942689,0,84.6628657601992,77.0107451204107,17.0107451204107
"17",2.97598182070434,2.77529274215706,0,71.5812591903476,80.2732373856835,20.2732373856835
"18",3.20949520141501,2.48119922426836,0,58.7414041159654,81.0404366124366,21.0404366124366
"19",1.92049135679781,2.91198162314331,1,73.7147056037487,45.9091055066132,-14.0908944933868
"20",2.55797371870864,2.7052271825997,0,74.816615625899,75.1670278639743,15.1670278639743
"21",3.31465557667975,3.22307388742432,0,84.3843208669689,89.7929903066776,29.7929903066776
"22",2.19743389900424,1.26171535453394,1,30.3853925446085,56.423038841569,-3.57696115843097
"23",2.59680985597682,1.92320328546054,0,53.2635836877958,76.4550837128186,16.4550837128186
"24",2.96167760950615,2.90305739244232,0,76.836661977653,81.9023319185375,21.9023319185375
"25",2.6278714276954,3.18233162883606,0,91.4435277630632,81.017687690867,21.017687690867
"26",3.29862603400803,2.84621887132457,0,73.1924151746644,88.5249080205413,28.5249080205413
"27",2.27835972596653,3.73272459963957,0,98.1616210132688,61.4347331342659,1.43473313426594
"28",2.17248010985302,2.57118749852402,0,70.2320676765004,63.7827193328719,3.78271933287187
"29",2.06004545158712,3.1126648197734,0,88.2662940344441,64.2733260462673,4.2733260462673
"30",2.5874730582025,3.34536510420597,0,90.0112893639318,72.8626793302401,12.8626793302401
"31",2.2735866467111,2.69981677068192,1,70.7039711443671,58.8343565089467,-1.16564349105333
"32",3.36479007402658,2.34098219462974,0,58.8267762852901,89.9398543079354,29.9398543079354
"33",3.16023218354039,2.60668030438075,0,71.2440592321602,90.3868854065956,30.3868854065956
"34",2.87021853362909,3.25387368698676,0,87.6559413525784,80.6951509976292,20.6951509976292
"35",2.91990096784804,2.52941353523626,0,65.6181248886845,79.8041849877138,19.8041849877138
"36",1.33541179881237,3.54575800495042,1,93.0263379478394,32.1548698798557,-27.8451301201443
"37",1.97099882960349,2.21708287649557,1,50.1598052629443,42.269659468047,-17.730340531953
"38",2.01747926931842,2.97090661727406,1,77.4990530868303,51.0586297524394,-8.94137024756058
"39",3.07593662501473,2.38197798479855,0,65.2793116587094,88.459035566642,28.459035566642
"40",3.42941791286978,1.77778177500771,0,43.8949081129342,92.5528089606205,32.5528089606205
"41",2.87049000836352,3.22444453745764,0,87.0070100637559,80.9036386112527,20.9036386112527
"42",2.42255697417374,2.6868169684187,1,67.8395720943121,59.878496475972,-0.121503524028014
"43",0,1.39074972232321,1,38.6850265780374,2.87899163289458,-57.1210083671054
"44",2.96470824009389,3.21021101084101,0,81.7758930199817,77.7125189708018,17.7125189708018
"45",2.73854966456063,1.83103572252026,0,45.2507614360898,73.8161683691457,13.8161683691457
"46",2.07609409238907,1.54127436874906,0,41.0954922725266,60.6196851049892,0.61968510498923
"47",2.99181227246065,1.60545538259057,0,45.0887712147998,87.8711579059659,27.8711579059659
"48",2.5530359904574,3.17839061926686,0,92.2581636870633,80.0988626729935,20.0988626729935
"49",2.28703753650408,2.87047998167665,1,72.7975075350047,56.0521990782782,-3.94780092172177
"50",2.02756502456661,2.61741828760284,0,72.5163919195261,61.0657614053657,1.06576140536567
"51",2.63246602681738,3.58694009626923,0,95.8676490664681,73.0487897970006,13.0487897970006
"52",3.04104390971956,3.20009974768701,0,84.8596435806959,83.7514523170562,23.7514523170562
"53",2.6092087277853,1.56818154228326,0,31.7896177914819,63.0557694710615,3.05576947106151
"54",1.28318624203889,3.71917117473306,1,95.4016339830925,27.8487733652724,-32.1512266347276
"55",2.7428948533983,2.49913168177379,0,69.3399527033972,80.4473033297379,20.4473033297379
"56",2.92464653770228,3.17019893144577,0,89.3566656507369,86.9307118331861,26.9307118331861
"57",3.19000895030898,3.41470368116844,0,86.4216399776571,82.5379337007334,22.5379337007334
"58",2.85974909124497,1.2190173816536,0,36.9419876228722,87.4032145378953,27.4032145378953
"59",3.09789695961286,3.37488364386925,0,89.9201360853434,85.5149033786677,25.5149033786677
"60",1.97462464491252,2.71808616612571,1,75.8488413102944,56.2817824460617,-3.71821755393831
"61",3.21661334715731,2.35930985792377,0,58.5695948703613,85.044734430854,25.044734430854
"62",2.67986372096577,2.64736128294017,0,62.20836004419,65.4216086679737,5.4216086679737
"63",1.91819448588564,2.7016983146632,1,74.7572574956529,54.0108002046912,-5.98919979530878
"64",2.43288331178401,1.75413034251906,0,45.3052800033954,68.1908985913227,8.19089859132269
"65",3.51199282103104,3.56675962874033,0,88.8509099574925,89.0674748050323,29.0674748050323
"66",2.11349686778535,2.0110082587764,0,60.5001793565666,69.1285594735432,9.12855947354319
"67",2.07245085023183,2.858175651394,0,82.3721473659329,66.0122745098368,6.01227450983679
"68",1.89561323158897,1.5142768701909,1,47.1239450901892,59.8036217640569,-0.196378235943051
"69",1.72960527126326,2.04762321799693,0,67.0541066022412,65.355189698301,5.35518969830098
"70",2.18270037380688,2.43896303920316,0,73.3527645242329,72.1102197644169,12.1102197644169
"71",2.8472411637587,2.49406362784568,0,67.7930461896384,81.5897561107483,21.5897561107483
"72",2.73798298523417,1.53593407650858,0,41.9393664716728,79.6029501212727,19.6029501212727
"73",0.792241056067306,2.9028851247129,1,79.0613427057601,22.1854180150884,-37.8145819849116
"74",2.23823753692885,2.31822406785018,1,58.1865626289316,55.6328469162151,-4.36715308378494
"75",3.26417794029309,3.28159022191293,0,83.5768667466165,85.5505514102361,25.5505514102361
"76",3.17248374987504,2.33190477144448,0,58.6417217930626,84.8458550217318,24.8458550217318
"77",3.13544063161386,3.36970606073146,0,86.3286383449879,82.4423213791098,22.4423213791098
"78",2.78025646212922,2.23800006476376,0,60.1927576152295,79.2240887204558,19.2240887204558
"79",3.21310657160386,3.20993529644267,0,76.3066521785162,77.9276594040921,17.9276594040921
"80",2.81605951193725,3.17911646912007,0,83.5510745484768,76.8400176852758,16.8400176852758
"81",0.586981918638706,2.90466822074125,1,76.4093391489062,13.4635514888607,-46.5364485111393
"82",2.15136867491089,3.13834671901652,0,88.1157500697146,65.7058489422457,5.70584894224571
"83",3.15187723238483,3.21209782892905,0,91.0840178256897,93.7093631594329,33.7093631594329
"84",2.54924730649989,2.90980412881314,0,78.3926334588599,72.4263900020448,12.4263900020448
"85",2.98919288758976,2.98285128959651,0,80.2816275758967,84.0931664565126,24.0931664565126
"86",2.66019718951186,3.13293168055157,0,84.5558676597033,75.3583161921037,15.3583161921037
"87",3.19095013794241,3.54791004474691,0,93.0603428277587,86.0360907836363,26.0360907836363
"88",2.19451973980985,2.87117152428802,0,77.6716657235833,63.3016732740952,3.30167327409519
"89",1.56413485082845,3.6053693329438,1,98.0697269685577,42.3171145951973,-17.6828854048027
"90",2.35140563076648,2.36338125741681,0,69.4721050844538,74.5438765680095,14.5438765680095
"91",3.5900550701405,2.94089482159426,0,77.9062988288097,98.8286385909225,38.8286385909225
"92",3.38232511616499,3.61764123436702,0,91.0707844361208,86.5311733201079,26.5311733201079
"93",2.11148643727901,2.23673691968685,0,61.7685570385604,63.1388068353186,3.1388068353186
"94",2.17056717932296,2.27997954410238,0,63.0059629892431,64.7689297179832,4.76892971798318
"95",3.46755907881278,2.68747089464537,0,69.4916444099352,93.9180548278286,33.9180548278286
"96",3.48723863088369,2.42948041491097,0,54.5495587480855,85.252922933465,25.252922933465
"97",2.79572901917733,1.66112657556207,0,41.8532791884333,76.9295485063429,16.9295485063429
"98",3.24732061564055,2.52392212130155,0,67.0205786048075,90.4551360717446,30.4551360717446
"99",3.01703004112754,3.13345129749675,0,85.6910094653569,86.2859895591455,26.2859895591455
"100",2.84571601517409,3.0973250324434,0,86.7671820075607,84.1416682721163,24.1416682721163
"101",3.16863943845101,2.94857397045029,0,79.2383079928846,88.814995249891,28.814995249891
"102",3.02716097630967,3.38804200725365,0,93.7829129163089,87.7527553954929,27.7527553954929
"103",2.47199755957549,3.4541404736562,0,94.260312314885,71.2036655036984,11.2036655036984
"104",2.1604433404711,0.5208338173021,0,11.0587518672545,60.9411263002442,0.941126300244179
"105",3.39410450899585,3.24077465340837,0,78.7708761986368,84.6994949223816,24.6994949223816
"106",2.57910883540617,3.57031004940206,0,94.6284719933225,70.6936756773695,10.6936756773695
"107",1.72918162573673,3.14898678951518,1,92.3400705730286,55.0100211687091,-4.98997883129094
"108",2.89473603206353,2.64660415437372,0,68.5295396870483,78.7135861221959,18.7135861221959
"109",2.21144412125262,2.84920723893932,1,76.8873722579954,59.5628002394109,-0.43719976058906
"110",2.36803815788475,2.86799781730825,0,78.0396056191793,68.510448752291,8.51044875229096
"111",3.20465924095431,3.43159736343466,0,88.7624426299967,85.1475795468945,25.1475795468945
"112",1.83122669228954,2.75644746746252,1,74.7686429734095,49.8804557410823,-10.1195442589177
"113",2.85749245951424,2.50868114048305,0,67.0047928954354,80.4504165563638,20.4504165563638
"114",2.36874101438975,3.1317299025681,0,87.3364198762365,70.8492802686882,10.8492802686882
"115",2.8744554881257,3.3030082295415,0,85.4285455647821,76.5523353002221,16.5523353002221
"116",3.62023882067406,2.94462173013501,0,69.8520189983636,89.9795203848809,29.9795203848809
"117",1.94248090697675,2.20860755598948,1,65.0898589879359,59.4627948837711,-0.537205116228947
"118",2.24348183808734,2.52229355806096,0,67.2208309851425,63.737953328828,3.73795332882805
"119",2.3809670902482,3.38437244849772,1,84.3746352435585,55.3569807845909,-4.64301921540906
"120",3.35796967976613,3.23399867213536,0,85.8771327009115,92.3662571246201,32.3662571246201
"121",2.00839010170515,3.3950828954473,1,90.5074067059174,52.2428207577897,-7.75717924221033
"122",3.04188717096766,3.38321327784366,0,88.7300970778008,82.3241930602876,22.3241930602876
"123",2.85865730882726,3.19204828626194,0,79.1833214045965,72.3874187399785,12.3874187399785
"124",1.6357906667022,3.00655325761955,1,86.5704714086026,50.3578135952613,-9.64218640473867
"125",2.05966219428711,1.86959695678145,0,57.1900868763957,68.4196277120627,8.41962771206266
"126",0.473136137856343,3.75435826624077,1,95.8289344781893,5.40122912198033,-54.5987708780197
"127",3.32662476981911,3.43308462343312,0,90.7522983011206,90.7365385274583,30.7365385274583
"128",2.72419160471886,1.99364095520714,0,52.8000758456558,77.0124164303871,17.0124164303871
"129",1.90908176962194,2.19657716797346,0,63.0258430907271,60.5053904592385,0.505390459238484
"130",2.92396923647018,1.26870964178847,0,33.2231640292632,83.0896069091953,23.0896069091953
"131",3.3082598702741,0.114536817641221,0,1.15901111336618,93.4863692786287,33.4863692786287
"132",1.80421722444884,3.43994765203841,1,88.7922042298296,43.2400600616929,-16.7599399383071
"133",2.39736410975456,2.93095199946247,0,83.9351231481975,74.2069703574862,14.2069703574862
"134",3.18562413171363,2.15434795374294,0,55.9903792285342,87.9099969867577,27.9099969867577
"135",3.55865604930749,1.47545057896468,0,35.9428031465836,96.5743353772624,36.5743353772624
"136",2.80913580701274,2.60612671066364,0,72.7057894305038,82.6900544495071,22.6900544495071
"137",2.69084097264951,3.32634566284986,0,86.0669412711423,71.5993005957846,11.5993005957846
"138",3.02608141630413,2.02424827987993,0,48.2169543122099,78.6985340245117,18.6985340245117
"139",3.17388601429562,2.64117613417355,0,65.937952712551,83.3337641692712,23.3337641692712
"140",2.31666266443477,3.20512936316022,1,83.6941089334813,58.7270235447456,-1.27297645525439
"141",3.10614708857477,2.9922064888025,0,83.106705196705,90.2771726767858,30.2771726767858
"142",3.13160586541636,3.50593345555154,0,93.4742857198237,86.3127964907704,26.3127964907704
"143",2.27964754150517,3.4448294382494,0,90.5908641205082,61.9897426224944,1.98974262249444
"144",3.03368018216168,1.64759988757774,0,51.4652318225456,95.1603600921753,35.1603600921753
"145",2.69743286354437,2.6867219126346,0,77.0205601697715,82.1389392804478,22.1389392804478
"146",3.29259831427481,2.83371457333333,0,76.5623561590905,92.7656536727825,32.7656536727825
"147",2.63038585412607,2.28272920280412,0,65.817761212282,80.3795329303321,20.3795329303321
"148",2.18432477613007,2.63968613728777,1,69.9672610750065,57.5416353752987,-2.45836462470128
"149",3.25565852249464,3.18656673586012,0,81.4229318034122,85.9015323569318,25.9015323569318
"150",3.25803035644412,2.38611320593288,0,69.5426450023647,98.2708764318807,38.2708764318807
"151",3.06527165094865,2.82890649414324,0,63.9117298034813,71.8262267088463,11.8262267088463
"152",3.32271860354113,2.34301911954307,0,63.6420563148772,94.4433843948708,34.4433843948708
"153",2.56763708991201,2.11724908938902,0,56.118662373085,72.6575605981607,12.6575605981607
"154",1.83933175247685,1.93005550474427,1,52.7415654191799,51.2422325644963,-8.75776743550371
"155",2.88524437820611,3.05277039145657,0,87.8928975418435,88.0063882421458,28.0063882421458
"156",3.25711564987674,2.57141357574152,0,67.2961634117552,89.4801910057423,29.4801910057423
"157",3.05819202074126,2.19287530812592,0,57.3759467636234,84.8528754932829,24.8528754932829
"158",3.29965567144363,1.90682629559599,0,46.0015868480531,87.3044427057829,27.3044427057829
"159",2.83215669724705,1.62800439328541,0,40.1208963517971,76.949400096599,16.949400096599
"160",2.7552312716377,3.20963451339446,0,88.2464327647305,79.75843033164,19.75843033164
"161",2.05860102323728,1.87297685091443,0,51.6067326820092,61.667538705663,1.66753870566303
"162",2.18683267254457,3.05013020146689,1,78.7551155709242,54.4921290008272,-5.50787099917279
"163",2.30650563755767,3.16080883901989,0,86.5217635685398,67.2519354943083,7.25193549430831
"164",1.63175328444824,2.91189164345842,1,82.4513652790362,48.4901752771429,-11.5098247228571
"165",2.91935467813607,1.26298571731105,0,24.3159894474817,72.6056016098511,12.6056016098511
"166",2.67270537826717,2.74392481450398,0,80.963117308499,84.2578505786292,24.2578505786292
"167",2.55923482717483,2.48337865964855,0,69.7902484220407,76.5583141864147,16.5583141864147
"168",2.27620391739408,1.42526127044582,0,32.8052956070993,60.0084238121947,0.00842381219473509
"169",2.75149295248699,2.88307545974995,0,76.9653291105746,77.0581542496359,17.0581542496359
"170",3.14193366681575,2.88486032075806,0,76.116231889335,86.4984829348231,26.4984829348231
"171",2.60140857685926,3.41659106734825,0,87.4491845752834,67.8565044122468,7.85650441224681
"172",3.34989407145136,3.23126458555952,0,85.9269785837746,92.2981040576052,32.2981040576052
"173",1.95799602036254,2.76928106103615,1,72.2268982574811,49.8581821724246,-10.1418178275754
"174",2.33630334644273,3.32191168859634,0,94.4584164479273,72.1443968200448,12.1443968200448
"175",2.32228467145159,3.0153987068972,0,86.3676005374449,72.2851589079584,12.2851589079584
"176",2.49356265376481,2.74882670278569,0,73.8652228831325,70.8707615080166,10.8707615080166
"177",3.24750473824653,2.76276537412063,0,71.0598923432672,87.3738241593176,27.3738241593176
"178",1.46189176442806,1.74760709709187,1,48.3858674908578,41.9406905975153,-18.0593094024847
"179",2.80887015075241,2.36983240102696,0,61.1008394798556,76.7254668140439,16.7254668140439
"180",1.63138111143814,3.42518111834686,1,96.4102289728512,48.0982711136961,-11.9017288863039
"181",2.9748074644959,1.00732757988411,0,26.4816879878144,85.0862379447085,25.0862379447085
"182",2.48927551799906,1.08690550811024,0,31.1620655251316,74.9438546551277,14.9438546551277
"183",2.84714469614917,3.65862592082117,0,90.314376499473,69.8860642781692,9.88606427816923
"184",1.30169131573407,2.95071930965514,1,83.2759783862465,39.307141325385,-20.692858674615
"185",2.76067346078332,3.10224464325719,0,78.7204460846722,72.1620536755679,12.1620536755679
"186",2.31006902126073,2.57720572315622,0,67.5504745784294,64.1104923814721,4.11049238147211
"187",1.18858405944622,1.6264021934043,1,42.3226203818056,31.4006341834886,-28.5993658165114
"188",3.04858000872584,3.71825836506567,0,99.4252239879608,84.1303931169042,24.1303931169042
"189",1.13105572761575,3.44567435153312,1,97.9177188981154,35.7471751465349,-24.2528248534651
"190",2.90795052149447,3.03293521602176,0,87.4527586233975,88.7496183250914,28.7496183250914
"191",2.05372098169492,3.30565391833312,0,90.9863765727905,60.965477039978,0.965477039978019
"192",2.50292105106571,1.89244915281432,0,48.3957679582586,69.1775968384354,9.17759683843539
"193",2.67020721889867,2.63159879579026,0,67.972423239197,72.5073554430905,12.5073554430905
"194",2.06317269728388,2.92266158243839,1,73.7544975072506,49.4431258166714,-10.5568741833286
"195",2.37649177426187,1.03989244573182,1,18.4553297615179,54.4212473222656,-5.57875267773442
"196",2.99516787111652,2.79533722316586,0,71.7726716071602,80.3556501063917,20.3556501063917
"197",2.217912970749,2.66301070458087,1,64.1536447219137,50.7919093952104,-9.20809060478955
"198",3.54207267063859,3.708725156213,0,96.2092727007767,93.9132529094371,33.9132529094371
"199",2.1562849493659,1.53236238750376,1,39.1437370373542,56.7703210772603,-3.22967892273974
"200",2.30396740404878,2.01264067866004,0,57.6098259849416,70.7763822945735,10.7763822945735
"201",2.09263263205286,2.79845569354195,1,73.095370392912,53.5477389936389,-6.45226100636114
"202",2.27545525606762,3.35354002544823,0,87.7739456866316,61.5489579907864,1.54895799078641
"203",2.79498380812109,2.99632389472553,0,72.9509043132779,69.7425852970719,9.74258529707187
"204",2.70430710119416,2.25842429086427,0,54.5884206433367,69.8706945458697,9.87069454586971
"205",2.53344808241882,3.40339719938453,0,92.0263299947918,71.8833377376954,11.8833377376954
"206",3.04399788105831,2.17000152267731,0,55.1581583999954,82.5982281368692,22.5982281368692
"207",1.88994255393065,1.40334448576259,1,38.4267968200394,53.0065467492503,-6.99345325074965
"208",2.09159227992595,3.08649555182723,0,84.1969403462412,61.1651684766365,1.16516847663654
"209",2.55309220743662,2.50779117301753,0,70.487618560163,76.4145276550537,16.4145276550537
"210",3.28408713495964,2.14303256209959,0,55.6779983447119,90.5620163135874,30.5620163135874
"211",3.52909659199857,2.69421117124031,0,67.0575533836977,92.469003151337,32.469003151337
"212",1.52180662749519,1.01091079041719,1,23.9932404284972,38.9394865913221,-21.0605134086779
"213",2.80806152454786,2.83915686606718,0,78.0226861712922,81.2794238768176,21.2794238768176
"214",2.75257708076572,2.71840489956993,0,68.0313863045334,71.9330604135405,11.9330604135405
"215",2.16178452008374,1.35211675693611,0,39.1880948727392,66.8990396630392,6.89903966303919
"216",3.00515405419791,2.28672331005424,0,67.6460442101032,92.4961301566796,32.4961301566796
"217",3.6345215651878,2.27710199803622,0,56.6854031241403,96.7658018340366,36.7658018340366
"218",3.20062755364403,3.00778369536841,0,84.3723094972251,93.8046846578009,33.8046846578009
"219",3.28191457479218,2.96453376719873,0,74.7903130474054,86.0691504825978,26.0691504825978
"220",2.91196216438619,1.90092914187404,0,52.3203709270197,84.5510856290613,24.5510856290613
"221",3.02194990272935,3.2027494649192,0,84.1024709429668,82.2537322821234,22.2537322821234
"222",2.11106669808359,3.61601509492045,1,93.3463653606167,51.0876701610604,-8.91232983893965
"223",3.21031041759948,3.32438303038802,0,87.9395079595863,87.8577616721662,27.8577616721662
"224",3.13845804564129,2.68930116994476,0,70.8130382541551,86.5682584032345,26.5682584032345
"225",2.14998776605267,3.31231456298684,1,88.7380527263743,56.6842974996686,-3.31570250033142
"226",2.70393896751836,3.32943939630271,0,94.518227249747,81.858322189166,21.858322189166
"227",3.31162208491046,3.38127907568299,0,94.4706115444549,96.4433563005438,36.4433563005438
"228",3.33103955226385,3.05344854753851,0,80.9773124016383,91.7881494080422,31.7881494080422
"229",2.56480786609453,2.9158265790959,0,79.1011598454077,73.4856857278019,13.4856857278019
"230",2.89321367066173,3.58124827465811,0,92.5443900035774,76.3160567838606,16.3160567838606
"231",2.04105803873908,3.32051462911988,0,94.4100341255281,64.1896416989506,4.18964169895064
"232",2.99565023770071,2.5908984476446,0,74.2842383712348,90.0792449863717,30.0792449863717
"233",1.87871675268543,2.63096535688039,1,73.1277498267444,53.3495446372811,-6.65045536271887
"234",2.91975347039828,3.00027700811473,0,82.2116568043737,83.9364075315079,23.9364075315079
"235",0.276219148737196,2.47713815204586,1,60.2054653173041,0,-60
"236",2.67238431420413,3.21659663656872,0,86.3401558185936,75.042517589387,15.042517589387
"237",2.33215452876738,2.26382328478853,1,51.8077741631583,52.3979862289076,-7.60201377109243
"238",2.61894291833124,3.0272054642557,0,87.397314266396,81.0970857260715,21.0970857260715
"239",0.787175658704397,3.28465257294167,1,91.4245251298183,24.111184405459,-35.888815594541
"240",2.28710472043328,3.18638679537783,0,86.352186356008,65.6863415041736,5.68634150417358
"241",2.60938287807633,3.02842658564901,0,75.7974484213929,67.0623243849254,7.0623243849254
"242",2.22753460541437,0.514254229214741,1,6.51563536249642,53.5936106680291,-6.40638933197094
"243",1.91385755273157,1.24789702243168,1,26.1814478022356,44.2702274758076,-15.7297725241924
"244",2.73266453265218,1.88388328556737,0,52.4081554017501,80.3927549600167,20.3927549600167
"245",2.93347570963123,2.92698686261403,0,79.758680620403,83.8155364061398,23.8155364061398
"246",3.01780032617789,2.94042544294394,0,80.2467734548954,86.2194962775047,26.2194962775047
"247",2.25761133873454,3.50580712936984,0,97.6717773991466,67.7733281939231,7.77332819392309
"248",2.38429400496108,2.67601808871689,0,69.9259504835635,65.664820585407,5.66482058540703
"249",2.03521612065981,2.03315755689033,0,61.2915599827109,67.2298234749486,7.2298234749486
"250",3.28632997011649,3.50867070489059,0,88.685105771836,84.713753775532,24.713753775532
"251",1.2638384692181,2.57052337962883,1,72.2801200872441,37.7941644385791,-22.2058355614209
"252",2.45840843322732,2.95878902143119,0,78.8769749839077,68.941932877877,8.94193287787697
"253",2.00265906132211,2.42855755453242,0,67.2418769755319,60.3722099874482,0.372209987448159
"254",3.03078848726228,3.29302465301135,0,91.9712333013026,88.8356649597393,28.8356649597393
"255",3.13439790516826,2.97205006212994,0,81.9813572818298,90.3686967992717,30.3686967992717
"256",2.36233952805135,2.55762982495833,0,74.0903253568298,73.9067576130552,13.9067576130552
"257",1.32597187678067,2.48146975245493,1,66.7192818570379,35.8146563176152,-24.1853436823848
"258",2.73445912757865,3.2591354843528,0,75.1396077761358,62.0465508275043,2.04655082750429
"259",3.10270583685192,0.923124672479213,0,30.0883833616044,95.573075523863,35.573075523863
"260",2.37368594386212,2.33473998357125,0,67.7567056338292,74.0555642683707,14.0555642683707
"261",2.77691088444584,3.33937563362958,0,90.2483068004991,78.4374944458715,18.4374944458715
"262",2.81098495827317,3.28680727760746,0,89.8157200597804,80.5740773194149,20.5740773194149
"263",2.07986259186531,2.54441655085572,1,61.4472254290035,47.7802622669207,-12.2197377330793
"264",0.075490830801509,2.96633660737302,1,87.3266511861439,10.5990474887022,-49.4009525112978
"265",3.13494258154947,3.44580082951221,0,90.7401298736169,85.1459744157361,25.1459744157361
"266",2.27976362076591,3.2782156174938,0,90.6941938659229,67.6051597987364,7.60515979873642
"267",0.560756597328026,2.34214753852114,1,65.8713677897699,18.8132687124627,-41.1867312875373
"268",2.6447559684429,2.65416330325816,0,72.7815917679841,76.7744264595901,16.7744264595901
"269",2.62073462339346,1.49316982447782,0,40.169543895748,75.7615592839899,15.7615592839899
"270",3.09407960075545,2.54804431473841,0,73.7112292601,93.460907659709,33.460907659709
"271",1.51169237722804,2.68775956348883,1,70.8898735605275,38.9532512849271,-21.0467487150729
"272",2.32809019102765,2.87098988796569,0,79.0194569959052,68.4974750989696,8.49747509896957
"273",1.85757765153045,1.62606533025669,1,42.9215070497015,50.1200559880253,-9.87994401197473
"274",2.55989888864764,3.26024785184118,0,86.1536194835384,70.3569136121423,10.3569136121423
"275",2.67590851493884,2.35768936922269,0,61.4431607168312,73.9536838356343,13.9536838356343
"276",2.47807013541281,2.42814521195223,0,63.8647969031377,69.1772381547693,9.17723815476926
"277",3.07768860120717,3.09073243026297,0,80.5571534290942,83.2457311255749,23.2457311255749
"278",2.22111371213614,2.91643565744779,0,76.0464450969821,60.6010316974346,0.601031697434557
"279",1.89832559391379,1.80023383891524,1,51.1922107950784,55.2722215921414,-4.72777840785855
"280",0.815513627712306,1.60069689342627,1,43.8625590487045,24.0339656514741,-35.9660343485259
"281",2.2375157984131,3.35567567245571,0,88.5985463503172,61.4343838705901,1.4343838705901
"282",2.82306341034193,1.8040086305906,0,46.4799890162591,78.4362602898699,18.4362602898699
"283",1.48636075906096,2.99280407294094,1,83.2419301535206,42.8486051834257,-17.1513948165743
"284",3.24124049256058,3.31189992764541,0,91.1060043216374,92.8512155104429,32.8512155104429
"285",2.17555347828422,3.53076048168129,1,95.1800863232504,57.8034190941526,-2.19658090584741
"286",3.00975589099757,2.7960661212799,0,75.0996040475294,84.6640891102278,24.6640891102278
"287",2.88684008478455,2.20872429599703,0,59.6809418858243,82.4502015928474,22.4502015928474
"288",3.05800512787665,3.11547669923322,0,85.418934116172,87.6584661503568,27.6584661503568
"289",1.6003877393184,1.27059753186907,1,36.7898999084575,47.6516486287077,-12.3483513712923
"290",1.08100867204546,1.33633420839178,1,38.2522136376224,33.2436469990868,-26.7563530009132
"291",2.85175419295312,1.5913889877336,0,40.3982978172891,79.0116593455415,19.0116593455415
"292",2.66506278916782,1.97374615715459,0,55.4764505568814,79.2466429151786,19.2466429151786
"293",3.19495896336828,2.03704971501624,0,48.7718851849332,83.4775142369532,23.4775142369532
"294",2.55883437255704,2.13762920842147,0,51.6310326285993,66.4346583268464,6.43465832684636
"295",2.87901453844793,1.74997732541484,0,41.4294408450718,75.7407530879824,15.7407530879824
"296",3.51680814924706,3.10355752578826,0,78.2526653112572,91.9084057673226,31.9084057673226
"297",3.30340099792658,2.65995423253854,0,74.4549933485713,96.2860228353343,36.2860228353343
"298",1.57105782845862,3.3686983401726,1,89.9171319597767,40.6468499704285,-19.3531500295715
"299",3.01956649375184,3.50777323897973,0,92.2844437530072,81.828700115248,21.828700115248
"300",2.35966363448247,3.00387407588405,1,74.7248104974987,55.8932864528947,-4.1067135471053
"301",2.92167508026907,2.48383348814372,0,65.179704517444,80.8345733215541,20.8345733215541
"302",1.3615722906807,3.49879048529852,1,95.7387547637674,37.61851023773,-22.38148976227
"303",2.79045111693153,3.486331719144,0,93.6131290173708,77.9444297052083,17.9444297052083
"304",2.74059494374586,3.75192000332002,0,96.6050385668336,71.3951451783002,11.3951451783002
"305",2.89131394960244,2.81189644563155,0,74.191618967975,79.8805384419992,19.8805384419992
"306",2.48788252454868,2.90668279440391,0,75.1888794302989,67.0841422097686,7.08414220976864
"307",2.40058789214739,3.09300991241183,1,78.667551660905,58.7265671031918,-1.2734328968082
"308",2.94098627799321,2.62383563391433,0,79.0760884980129,93.1980671231838,33.1980671231838
"309",2.56395835170807,3.57628776273455,0,94.6356309042276,70.0975686707903,10.0975686707903
"310",2.07564332778646,2.41547713987103,0,66.6306707155552,62.043000233336,2.043000233336
"311",1.87630506323063,1.61849322309888,1,44.9223657925587,53.2429595350623,-6.75704046493766
"312",2.60146651528293,3.29428274828936,0,90.7531715365338,75.8009176880588,15.8009176880588
"313",2.25625709666038,1.98577104114148,1,49.4205125926777,56.6906567274792,-3.30934327252084
"314",2.72793999117593,2.75898168236599,0,64.0545275877559,65.2235471955813,5.22354719558126
"315",2.4072585902764,2.56279395295051,0,69.0046389347292,68.9223336941037,8.92233369410374
"316",2.21910902522457,2.70683548974773,0,73.3643307896385,64.2770861834429,4.27708618344288
"317",2.09866576285103,3.29426276901583,0,89.1881604484361,60.4204774058592,0.420477405859238
"318",2.32334133620579,2.00358469250607,0,48.1327216903988,60.3726240777903,0.372624077790313
"319",3.47809108450939,2.1518466963059,0,59.4852445472552,100,40
"320",1.71309901580217,3.17782336824494,1,79.4631677957606,38.3774926592275,-21.6225073407725
"321",2.26041025066585,2.10088642600505,0,61.103205248573,70.8338795524864,10.8338795524864
"322",3.038985924441,2.29437332237585,0,55.7411816201662,79.0557868948874,19.0557868948874
"323",1.80895273623102,1.452035145489,1,46.2698437358242,58.511427941573,-1.48857205842701
"324",2.29970590297249,3.56106638953901,0,93.3848358866783,62.0082033367339,2.0082033367339
"325",2.36841166871611,2.12899963426943,0,57.270842074811,68.2747632371106,8.27476323711056
"326",0.558847937407593,3.31424769509598,1,85.8679563959301,10.4124832280256,-49.5875167719744
"327",3.02277290651364,2.48666193739981,0,68.196587742051,87.0341733385821,27.0341733385821
"328",3.79717692100505,2.00652789640389,0,46.7499253688911,98.291173951878,38.291173951878
"329",2.48299987722039,3.47999662617538,0,88.2273281913431,63.5030676590074,3.50306765900739
"330",2.29284405252902,2.78962062239385,0,74.4898351015337,64.8660318474026,4.86603184740258
"331",2.60568283979185,2.936646906126,0,77.7668018420296,72.3191520949487,12.3191520949487
"332",2.36213438633302,2.45291571946719,0,60.4218279832813,61.1644442352917,1.16444423529166
"333",2.96708802340716,2.62752166038229,0,66.8581032439836,79.3095401520176,19.3095401520176
"334",0.519056983052016,2.6838441120952,1,68.083648892904,9.05237975115723,-50.9476202488428
"335",3.15806073853108,3.29120709930441,0,91.080394296276,91.2647874711732,31.2647874711732
"336",3.1431786929696,3.31144883255188,0,89.6210008427695,88.4691167029092,28.4691167029092
"337",2.22818819187999,3.241160482209,1,84.6759987403636,56.3222357218006,-3.67776427819943
"338",2.38917169698238,3.13068993090427,0,80.1901170061307,62.970112569207,2.97011256920696
"339",1.01881042021745,2.42979525119576,1,60.7622208272611,22.1985005372833,-37.8014994627167
"340",3.2556275727906,2.66382532022471,0,71.9907743489454,91.9548518154864,31.9548518154864
"341",1.49320815874935,1.13744444510921,1,25.7171197293945,36.0422998034411,-23.9577001965589
"342",2.10810762849026,2.91305169893091,1,70.7304172060718,47.3874204237267,-12.6125795762733
"343",1.27320902808509,0.856370172761153,1,29.0007711642463,43.2733949088884,-16.7266050911116
"344",2.96367839045255,3.53847228418274,0,94.5370029608631,81.9811403651389,21.9811403651389
"345",3.30265564427905,3.48235543796204,0,89.4085795933117,86.8768639833269,26.8768639833269
"346",2.44957361071357,2.7787675636407,0,77.2067292335718,72.657926745809,12.657926745809
"347",3.11861975499651,2.73618602483655,0,81.5847589073429,97.2462310674454,37.2462310674454
"348",1.28847643852012,0.859093719638947,1,26.5162459961922,40.6520831532496,-19.3479168467504
"349",1.80087423347086,2.29772003990693,1,61.9386117620554,48.9847401669197,-11.0152598330803
"350",2.21310694030049,1.32744062489703,0,31.8319976416198,60.3813645540501,0.381364554050066
"351",2.54491243985958,1.92711912188413,0,53.1495206612939,74.7946909099938,14.7946909099938
"352",2.8039088108614,2.90393298620388,0,78.8199835716176,79.9775349832543,19.9775349832543
"353",2.8647256796735,2.64568760431363,0,71.6100613671885,81.5845205150358,21.5845205150358
"354",1.49717826401628,2.55806874680925,1,74.7935235319611,47.4590208397438,-12.5409791602562
"355",3.08550664422895,2.68970429991406,0,71.0446473281075,85.404619455011,25.404619455011
"356",1.83935929954584,1.95153688956941,1,53.2236391427659,51.1060652654898,-8.89393473451025
"357",2.65249369412237,3.60741234263093,0,92.0987072555531,68.4496421739278,8.44964217392781
"358",2.33361228981614,2.7420193454618,0,76.0056533910214,69.3264819580898,9.32648195808976
"359",1.62797112476855,2.46980528338521,1,72.7723313935132,51.4926188341133,-8.50738116588672
"360",2.48078445354692,2.65593811875989,0,72.6948529469638,72.2016177448593,12.2016177448593
"361",0.436136388497658,3.18246289670761,1,89.3633685705256,15.5927666036327,-44.4072333963673
"362",2.69277665246387,2.34824465766077,0,59.1911531142037,72.051745637795,12.051745637795
"363",3.16325547203366,2.80108902447706,0,79.739141699648,94.1228890020803,34.1228890020803
"364",2.15739270654105,2.3333130195916,1,60.8507496997982,56.1156624993786,-3.8843375006214
"365",2.28012568303056,1.52667333202952,0,38.2892440931141,63.2668593475645,3.26685934756451
"366",2.85129900619017,2.16032552408648,0,53.9017320797357,76.2446022723338,16.2446022723338
"367",3.07615947988827,2.173690809744,0,57.9523178253296,86.6509900295647,26.6509900295647
"368",2.71688242265329,2.8286866944667,0,73.8994621783259,74.2882783466101,14.2882783466101
"369",2.09518721594738,3.63821457557072,0,99.041919005514,60.6631398167913,0.663139816791286
"370",2.82048044031195,3.1453092527642,0,84.225578016404,78.871699913651,18.871699913651
"371",2.64887066856361,2.39301750424554,0,59.2788013785309,69.4990014463454,9.49900144634545
"372",3.10138239827584,2.06711533449201,0,51.9618631947551,83.7469808406958,23.7469808406958
"373",3.02130915224483,2.87466809445453,0,75.4187421852363,82.7629359387105,22.7629359387105
"374",1.88965288590791,3.29652706134844,1,85.7351046974972,46.6439736546923,-13.3560263453077
"375",3.6211152169703,2.30614618013766,0,52.9036120935967,90.9694594593102,30.9694594593102
"376",2.27906667966905,2.33630737261491,0,62.1470648694906,64.8149132365127,4.81491323651267
"377",2.43043572253178,2.63142490815379,0,68.8671478458966,67.1216924148753,7.12169241487533
"378",2.24764938017939,2.1719354594109,0,59.6784955771939,66.4622529786845,6.46225297868446
"379",2.6865617986526,1.52614349645074,0,37.6184613532547,73.4249805772895,13.4249805772895
"380",2.16114629977627,1.88459554130258,0,51.1121847470561,63.457978513864,3.45797851386399
"381",3.36829209033937,2.18805872273063,0,58.5635343313637,94.7611542122654,34.7611542122654
"382",2.4115108483353,2.9482876961733,1,74.0870672328412,58.3645347534137,-1.63546524658626
"383",2.38050583829547,3.30158486619223,0,90.3687519552247,69.1601743476995,9.16017434769951
"384",2.78352261320386,1.61766399505359,0,44.6757826771885,81.3758225021616,21.3758225021616
"385",3.16719394023751,2.96598574834234,0,73.3126385468834,81.1848235785558,21.1848235785558
"386",2.26775670963022,3.11879937991633,0,82.4798351876802,62.8069036933133,2.80690369331334
"387",2.6042567469628,2.6762570373013,0,72.3190757409813,74.4090765271209,14.4090765271209
"388",3.17575807355368,2.1413246589895,0,56.2028872333452,88.3253367788296,28.3253367788296
"389",2.04819636672398,2.69766565525334,0,74.6612532027576,61.516775712231,1.51677571223104
"390",1.27235250157192,2.4826673813718,1,60.6304093288861,27.1217417800359,-32.8782582199641
"391",0.740082237569226,3.53802463891103,1,95.7054476043,19.5652881481977,-40.4347118518023
"392",2.87179841467089,3.55763908116992,0,91.418080267218,75.1839589922253,15.1839589922253
"393",2.18131776709134,3.0966674306765,0,82.0108004807892,60.6550748065506,0.655074806550637
"394",2.20564769854764,0.610361344746258,1,10.482950581597,54.536373462311,-5.463626537689
"395",2.34201651170194,1.66372830857875,0,46.4502333483331,70.0808278786798,10.0808278786798
"396",2.67312199174536,2.40963373918766,0,68.610746775792,80.655467955103,20.655467955103
"397",3.18420736875439,2.83110697815509,0,70.3931526804286,82.6293746446482,22.6293746446482
"398",3.29977826893975,3.14268669736261,0,83.5754834904014,91.0836001665852,31.0836001665852
"399",3.32787302292066,1.96559600402408,0,47.764772383103,88.2152399239037,28.2152399239037
"400",2.06394521930134,0.811377757429333,1,18.3772862673865,53.4494047659308,-6.55059523406923
"401",3.44672871803416,2.9452347002281,0,77.9587737807395,94.8916292751524,34.8916292751524
"402",3.08663571374354,2.6457152286082,0,61.7034939830039,75.8220352944428,15.8220352944428
"403",3.0226358871444,2.50004720723293,0,68.60999788427,87.0790294852115,27.0790294852115
"404",2.17002684146889,3.39188187718386,1,89.393394545903,55.3777990126224,-4.62220098737757
"405",0.761818935497069,1.49602239893008,1,38.1137007822981,19.2301774926222,-40.7698225073778
"406",2.37157080269568,3.12796852346414,0,83.4466389459744,66.4428208783555,6.44282087835546
"407",2.09185932290434,0.592276507808589,0,13.9240019760457,60.1350721527924,0.135072152792411
"408",3.39350684377045,3.4863604918504,0,93.4370522303312,93.9600022634091,33.9600022634091
"409",1.55802684100439,3.06921847716771,1,92.6716432674024,53.4261858452421,-6.57381415475794
"410",3.15187352995715,3.1637892215828,0,86.9877654579361,90.4499834873658,30.4499834873658
"411",3.5634639970506,3.27899260229911,0,88.5339758880341,99.5588797980626,39.5588797980626
"412",2.99225497851537,2.64734512394584,0,66.578491080117,79.0023319998547,19.0023319998547
"413",2.7261314693218,2.90561417206274,0,74.0506789965134,72.1814422146272,12.1814422146272
"414",1.61721132680403,2.78552778571646,1,79.1777353746455,48.3857709839617,-11.6142290160383
"415",2.16601526999688,2.90022636314529,0,76.8552738630417,60.6105875861177,0.610587586117724
"416",3.27350841318123,2.47339890114342,0,61.03875548917,85.7403872466067,25.7403872466067
"417",2.87749808663387,2.48819105731656,0,66.2049301438304,80.7165608790534,20.7165608790534
"418",3.5006293590075,3.11388862241294,0,83.8864770663542,97.8046366047747,37.8046366047747
"419",2.60584079460607,2.37906745046589,0,69.579042764793,80.9991646217464,20.9991646217464
"420",2.91544787534555,3.32145921524428,0,88.6358216372866,80.845528751674,20.845528751674
"421",3.3637592312971,3.17177990170917,0,80.9714879667381,88.7625480192367,28.7625480192367
"422",3.24316636191951,2.73212784333843,0,71.358639031151,88.6204030691631,28.6204030691631
"423",2.48596546723321,2.84991965953232,0,75.0588212529154,68.7488859006929,8.74888590069288
"424",3.11471803618553,2.15067591912175,0,47.7321989398313,76.3434082771919,16.3434082771919
"425",3.18028321576405,3.16523936881844,0,81.0270979939399,84.1075457170473,24.1075457170473
"426",2.48405744505603,2.66932984593491,0,71.5071191371244,70.4418277324979,10.4418277324979
"427",2.64828688422114,2.54810858788394,0,73.899181060848,81.6874488082345,21.6874488082345
"428",3.01253929829842,3.68326928748137,0,96.9314712299216,81.3603538299602,21.3603538299602
"429",2.47292930572836,1.05459783433344,0,25.7297504394032,69.1353014363793,9.13530143637927
"430",3.21665537612568,1.59279883127961,0,38.51691437591,86.554710606599,26.554710606599
"431",2.541195953997,2.73586464111464,0,79.6322213565015,79.409076207821,19.409076207821
"432",1.96520903181331,1.80803448357853,0,56.6743479130311,67.2961038132055,7.29610381320549
"433",2.73061708316037,3.44131700838941,0,94.3446151712098,78.6841199853657,18.6841199853657
"434",2.64088803691744,2.6708208132517,0,76.9709032796012,81.082751062211,21.082751062211
"435",2.06828392196002,3.14399491142565,0,88.699810495982,63.9760518036292,3.97605180362924
"436",2.19957080127374,2.42194033124915,0,62.5096146957613,60.2838489709164,0.283848970916431
"437",2.18434015327273,1.92730672922302,0,61.4687811589679,74.9396239185494,14.9396239185494
"438",2.84029981524882,2.2071771297841,0,60.8774927161889,82.6660613232816,22.6660613232816
"439",2.89532400478921,2.05161593010919,0,54.0015976636045,81.1293300144874,21.1293300144874
"440",1.94863363483151,3.16362312637526,1,88.0903321620274,55.399231127584,-4.60076887241596
"441",3.23785914561553,2.61168350689831,0,58.5991810488512,77.3356743810822,17.3356743810822
"442",3.7673569924983,3.25393840959877,0,82.2092411486485,98.3799360747531,38.3799360747531
"443",2.50014445416166,2.5495609243648,0,70.252573802546,73.3353151527182,13.3353151527182
"444",2.79543094874587,2.20148225679775,0,59.947143748455,80.5447435746452,20.5447435746452
"445",3.17159171865506,3.24704283388409,0,87.107131003395,88.3786501887769,28.3786501887769
"446",3.08438321814612,2.68552478399499,0,67.9846046964768,81.8882076000568,21.8882076000568
"447",2.85142339110857,2.1256465529728,0,56.7705388724898,80.7880481886165,20.7880481886165
"448",1.64766541784993,2.67592421121607,1,79.5301103701667,53.233872045369,-6.76612795463105
"449",3.21123655279011,3.02364521499377,0,77.3500483759605,85.2512616451397,25.2512616451397
"450",3.365784829998,1.76630970123468,0,39.4830979483545,85.9940313740552,25.9940313740552
"451",3.75555953211818,2.22488749853996,0,51.2213716761872,95.2718999403896,35.2718999403896
"452",2.16305099764609,3.28203598400872,0,92.114891885875,66.0216418915361,6.02164189153608
"453",3.32636136619567,2.86663975618265,0,77.419866674783,93.6046740895657,33.6046740895657
"454",2.72125988838632,2.80901464908438,0,72.4842867634033,73.3783038508493,13.3783038508493
"455",2.8647723675194,2.82082493209414,0,75.9510660381601,80.9559027847214,20.9559027847214
"456",2.22621002897468,2.08221509143618,0,55.8730587105662,64.3350731567698,4.33507315676981
"457",2.25947803590608,2.32051338754063,0,59.2264547467793,61.349521694183,1.349521694183
"458",2.57636105248737,2.38866786942426,0,65.4416689087157,74.9899397407789,14.9899397407789
"459",2.7252097709795,3.39632623543927,0,86.6004346010692,70.8499213834459,10.8499213834459
"460",3.44918318963449,2.11828596232832,0,50.7756741172016,90.0136277874198,30.0136277874198
"461",0.693558749272848,2.7709995490083,1,78.8172100208793,23.5869097711841,-36.4130902288159
"462",0.955816719773015,3.2374008466109,1,88.1933136040456,26.3787573371474,-33.6212426628526
"463",1.79616618416735,3.22012903159232,1,88.1769707315395,49.5378717094376,-10.4621282905624
"464",1.60420401732672,3.1099337688236,1,84.1866284420518,43.2784948320934,-16.7215051679066
"465",1.49649854121821,3.3013980368801,1,86.8365097854265,37.2101251274881,-22.7898748725119
"466",1.38439022786189,2.61478452104891,1,76.7537557526011,44.8771409647824,-15.1228590352176
"467",2.11858781534514,1.74568866444937,0,50.9971915411491,66.7537528838141,6.75375288381406
"468",2.88318827515578,3.07156469030889,0,83.5619306884564,82.2027848477934,22.2027848477934
"469",2.35088659743207,3.33218108317058,0,93.1423111044337,70.6397610336099,10.6397610336099
"470",1.94551196595767,3.03911912312741,1,84.3069231187811,54.9370906535405,-5.06290934645953
"471",3.75216042292027,2.39711399902432,0,54.2317227449905,93.0706392624274,33.0706392624274
"472",3.3961206230965,1.97875338711022,0,50.8065392826683,93.2201445492099,33.2201445492099
"473",3.0976931416999,2.23660255531088,0,61.4315465702073,89.2777343182549,29.2777343182549
"474",3.08169265761985,2.65521993745034,0,64.4870061185931,78.672279714779,18.672279714779
"475",1.83200649519175,3.0201993107659,1,80.6913172537866,48.2248305365169,-11.7751694634831
"476",1.81076241357006,3.59269800780599,1,95.5211379612805,46.3518740669645,-13.6481259330355
"477",3.12612970566724,2.54673152875586,0,70.2313747425972,90.2453929273746,30.2453929273746
"478",3.35248078740911,1.93568948894661,0,51.0165872167923,93.7137348057291,33.7137348057291
"479",3.16317764545279,2.2734405287191,0,64.5764964325862,93.5502193006081,33.5502193006081
"480",0.0421190099463238,1.73145009610557,1,54.7051805491362,11.7582243129123,-48.2417756870877
"481",2.50350462939436,3.11387881052181,1,73.7920062734503,55.0339446788581,-4.96605532114194
"482",3.28104905836949,3.23616626222885,0,89.9351395436886,95.0310631982551,35.0310631982551
"483",2.32827184285614,2.80586509849912,0,80.7988919015859,72.7555462698944,12.7555462698944
"484",1.60670444907498,2.47022782989779,1,66.5138801064331,43.4948572117716,-16.5051427882284
"485",3.07789370904038,2.87734899684728,0,70.4848720809736,78.3539818417619,18.3539818417619
"486",2.59627021670033,1.48299380949606,0,45.5043514366825,81.7564769391505,21.7564769391505
"487",0.60309847215374,1.97250871659145,1,56.0804811269713,20.5370570179627,-39.4629429820373
"488",3.50979282120498,2.8285522993601,0,74.4045347372011,96.2238743714152,36.2238743714152
"489",2.83987892099498,3.59768928147566,0,97.9185788471838,80.7038333080614,20.7038333080614
"490",3.19017501021758,1.89936590527064,0,52.2951909906536,92.0580117523276,32.0580117523276
"491",2.2258105026312,1.67602503843034,0,43.0448303634873,62.5162616054275,2.51626160542754
"492",2.95765161706281,2.42241002935332,0,64.7219492341424,83.2843107716374,23.2843107716374
"493",2.83949430260414,2.7321810249862,0,70.6525887723869,76.9218185839228,16.9218185839228
"494",2.72999372913759,3.351612325424,0,91.5095566157766,78.2656568857923,18.2656568857923
"495",3.35561047533798,1.49298332294085,0,34.4144800230091,88.7238087680314,28.7238087680314
"496",2.82171525439839,2.09344955517696,0,63.0223504582124,88.4534518274768,28.4534518274768
"497",2.13152293708042,1.96976625829636,1,52.1373426911184,57.0795240814417,-2.92047591855832
"498",3.55059076052492,3.47718333445955,0,84.58254956731,88.0026097938721,28.0026097938721
"499",2.97132510674749,2.82805202662092,0,71.9302761446896,78.8228603178542,18.8228603178542
"500",2.1014987544709,3.27033338044941,0,94.6126471736832,67.7092012599979,7.70920125999787
"501",2.28364764184271,2.82041655011485,0,73.979326754247,62.9993022544272,2.99930225442721
"502",1.79500230259785,3.02471929470913,1,82.7925135841552,49.568683149933,-10.431316850067
"503",2.33873714130409,2.65224843975611,0,67.7893304564961,62.6920116102802,2.69201161028018
"504",2.45104333626948,2.82426167147996,0,76.5250169883297,70.391110780004,10.391110780004
"505",2.49595407129077,2.80841593739083,0,71.7297089477368,66.4426225939838,6.44262259398381
"506",3.22346997097909,2.90797802019864,0,77.510207984947,89.581302996159,29.581302996159
"507",3.30376292062757,3.4197975105814,0,92.2818636291568,92.3706679804152,32.3706679804152
"508",3.65476383807517,2.27240623761514,0,58.3705729524557,99.4608273472695,39.4608273472695
"509",1.90245838801998,2.74701500548611,1,67.6544530736846,43.6826375672694,-16.3173624327306
"510",0.636945103260946,2.07293716896922,1,55.6718531376677,17.6546502934895,-42.3453497065105
"511",1.9565679903171,1.81855187880868,0,51.806711576239,60.9524995579783,0.952499557978335
"512",2.50456131177603,1.8247859687877,0,46.7069567454811,69.4512290236164,9.45122902361638
"513",2.78694560242845,3.31238759815576,0,85.1332411361155,73.5391379677783,13.5391379677783
"514",2.65468334693082,2.51460558319073,0,71.2369414919177,79.8106704246399,19.8106704246399
"515",2.32224062273154,2.63563525541064,0,68.4866745983855,63.6214220687973,3.62142206879729
"516",2.36116941438072,2.91416074840644,0,81.515033881722,70.9204069810451,10.9204069810451
"517",2.41776081181193,2.52954720979533,0,69.1884235600395,70.5180226356532,10.5180226356532
"518",1.66672366007631,1.02436591165114,1,21.5436403827412,39.4941162089129,-20.5058837910871
"519",1.62745502772086,2.0329386900209,1,56.2051486012101,46.2535498589252,-13.7464501410748
"520",1.53658749454794,3.24569776876755,1,89.5216075416778,43.3038977629783,-16.6961022370217
"521",3.34066404378408,2.16976058364347,0,52.6533552086832,87.6215347280539,27.6215347280539
"522",1.83227610557561,2.21794981473736,1,64.5155872432755,55.5098488607526,-4.49015113924744
"523",3.33496342516982,2.78857741855803,0,66.5361316986202,83.5190370265122,23.5190370265122
"524",2.62498760931019,2.5545108319785,0,72.1117844215953,78.7328832670388,18.7328832670388
"525",2.81626729215815,2.97108092951603,0,81.8344620697958,81.6674535156383,21.6674535156383
"526",2.04057715974191,1.9946662533699,1,53.147177684182,55.0081114764515,-4.99188852354853
"527",2.87186432815187,2.77864335948929,0,70.157326550228,75.6752695456659,15.6752695456659
"528",2.16700982564579,2.04635737765633,0,55.8334866406852,63.8769561988483,3.87695619884831
"529",2.68626976866659,1.98123439056286,0,52.1090397129602,75.5825665660122,15.5825665660122
"530",2.44621354743255,2.29835890742195,0,60.5822665730504,68.7092178109868,8.70921781098681
"531",3.16416592905566,3.64439329841408,0,93.7576934624063,82.9621946733897,22.9621946733897
"532",2.81759807310196,2.77418583179554,0,72.7024867722959,77.3762711479377,17.3762711479377
"533",1.11393197125048,2.53718296295324,1,63.3065295889737,24.2324301646945,-35.7675698353055
"534",2.09262283280634,0.698846350906337,0,19.6764195940441,63.4565254516092,3.45652545160917
"535",3.20407361675392,3.43110677406338,0,83.0064114061816,78.3313220346315,18.3313220346315
"536",1.75432860829067,2.59044228888768,1,69.1989206985266,46.6853770720623,-13.3146229279377
"537",3.13098049206045,2.35929790428798,0,51.2403250753196,74.061403009706,14.061403009706
"538",2.69823037456863,3.55224860555454,0,91.2849629583261,70.5341303806382,10.5341303806382
"539",2.9983012266789,0.796580140529083,0,15.8427031607867,80.0630801705282,20.0630801705282
"540",2.52644120714126,0.209935450339073,0,7.52361721870924,76.8457573034527,16.8457573034527
"541",3.06899377040347,3.00996783504908,0,75.0400356991506,79.1392625785955,19.1392625785955
"542",1.876497057609,3.10287383450265,1,86.0177016905546,53.0055621275172,-6.99443787248282
"543",2.93368753044999,0.787924728154211,0,25.9139586717712,90.5368984092029,30.5368984092029
"544",3.44627095714958,3.01596219683731,0,74.2941350358286,88.2089393613112,28.2089393613112
"545",2.16216647682189,1.96786610262596,1,52.5224436284162,58.4226514537141,-1.57734854628588
"546",2.09478416684576,2.5015382858275,1,65.6913535803332,54.6207340015198,-5.37926599848018
"547",1.83807619424161,1.76571728060127,1,44.7526598527869,47.1624141967411,-12.8375858032589
"548",3.44352268204524,3.06870416625889,0,83.1289696502621,96.8599357656732,36.8599357656732
"549",2.91065303908085,1.5814820121302,0,44.7525528402029,86.0793426393175,26.0793426393175
"550",1.43524180421779,1.9792317367882,1,54.4139078430373,40.7304479448953,-19.2695520551047
"551",2.93454307741896,3.29514741420601,0,83.9111182825188,76.6309525163018,16.6309525163018
"552",1.14291765585974,3.15049917840712,1,79.0807542950217,23.4843788668355,-36.5156211331645
"553",1.85277633977609,2.18486675839652,1,65.3857042715103,58.1819374500596,-1.81806254994038
"554",3.53532227197616,3.2185938771257,0,84.0575416555862,95.4905878810181,35.4905878810181
"555",3.39461617802949,3.45988563642434,0,86.9816224605192,87.2172552934811,27.2172552934811
"556",2.50635054959293,2.10238331004523,0,52.2070258219612,66.8660767548755,6.86607675487546
"557",1.66935555235635,3.59853649522299,1,96.7447119986715,43.804020626816,-16.195979373184
"558",2.15930171983685,2.96610733960418,0,79.8502749337633,61.8060586696326,1.80605866963258
"559",3.26700955018978,3.41093000923791,0,92.7991983851026,92.2866746004059,32.2866746004059
"560",0.806074185091814,2.413556954687,1,65.4642586164773,22.5784034478045,-37.4215965521955
"561",2.0504023967124,3.20878999411203,1,90.5138168133917,59.5190906992579,-0.48090930074212
"562",3.51699010056931,2.47573195839399,0,66.1024975108879,98.2111308240677,38.2111308240677
"563",2.96692955701564,3.04161062305523,0,82.6569900911211,84.3711169659934,24.3711169659934
"564",3.12143251592359,3.11367321480375,0,81.9654910495464,85.334594932299,25.334594932299
"565",2.29300324036053,2.58229237823625,1,61.9610594035241,52.875257911456,-7.12474208854396
"566",1.78146578990737,1.53933634501604,1,40.0133964131741,47.4860338946375,-12.5139661053625
"567",2.05141823067801,1.91939128352512,1,48.7611527888,52.5858813372599,-7.41411866274009
"568",3.45508935929596,2.54820550692545,0,62.4154375261301,89.7912499717529,29.7912499717529
"569",2.68725184173018,3.06209142975297,0,88.5927989956119,83.201196214494,23.201196214494
"570",1.95694812076447,3.04874125584542,0,86.7343482637176,61.7915730239184,1.79157302391835
"571",2.7552431002421,2.41264294807019,0,67.0474051779894,80.9143487725426,20.9143487725426
"572",2.61828823193608,1.54076503975362,0,41.8974667753117,76.1737963975917,16.1737963975917
"573",2.82536800952435,3.20433689745662,0,84.1108581033365,76.9223792859413,16.9223792859413
"574",2.16474084685707,1.93921299707722,0,59.0504592594702,71.1560647171858,11.1560647171858
"575",2.63962690056292,3.48884223421993,0,89.7927496440268,69.2794841411769,9.27948414117694
"576",2.45217305979971,0.80326987210713,0,23.3920359343735,74.0896417692434,14.0896417692434
"577",2.62398883006545,2.77871565424174,0,70.1066730118549,68.9438806975096,8.94388069750956
"578",2.86751751613933,2.6830053511245,0,69.7667258861842,78.2470168545095,18.2470168545095
"579",2.15256283228074,3.21593370778845,1,84.9864250870604,55.4864061194273,-4.51359388057271
"580",2.40528578896092,2.93212166764863,0,72.1447189486543,60.4185971649559,0.41859716495587
"581",3.47762020191531,3.46035847718611,0,90.4207283530678,93.5076875392421,33.5076875392421
"582",1.52710566375397,2.17502748534926,1,63.872660183815,47.9522196796849,-12.0477803203151
"583",1.04458760932235,3.01340264822114,1,87.8598343048013,35.752924075638,-24.247075924362
"584",2.71047723953624,1.98782203388358,0,56.3432611759129,81.0312391807669,21.0312391807669
"585",2.53095767343275,2.93970766999063,0,81.4704450866196,74.5939357795638,14.5939357795638
"586",3.2245168052403,3.29748426276378,0,87.4761960457048,88.5776106039201,28.5776106039201
"587",2.22148487084748,1.56505558179974,1,40.5927287192323,59.1632559670544,-0.836744032945603
"588",1.60742545120287,2.97057520981441,1,77.5830526788481,40.136646471532,-19.863353528468
"589",2.05588926388307,3.12499855480411,1,86.0743759393475,57.17016617415,-2.82983382585
"590",1.33117534771474,3.13519293219733,1,83.3026178887961,34.0535443748807,-25.9464556251193
"591",1.7876217938771,2.75094482651939,1,80.8409221598314,56.0797781520546,-3.92022184794536
"592",1.48300108248329,2.71479818894658,1,72.144413658295,38.7761056007463,-21.2238943992537
"593",2.84879966711192,2.38983841506722,0,60.326738932611,76.2238208311154,16.2238208311154
"594",2.25748351760402,1.62746038829627,0,41.6501319481889,63.3169274009822,3.31692740098216
"595",1.83003875912925,3.23172994760284,1,83.0249878074277,43.9656404533524,-16.0343595466476
"596",3.62043460597856,3.21698289790821,0,84.5234592105242,98.3853625458296,38.3853625458296
"597",3.01771495486338,3.10582488822766,0,80.1870694963097,80.6965834464696,20.6965834464696
"598",1.88803187329819,1.91150606874672,0,56.8908349102343,62.0666643197395,2.06666431973952
"599",1.73192922156256,1.68355293670411,1,40.9770824282657,42.5425905466767,-17.4574094533233
"600",3.44495741625425,3.55541129161991,0,92.3128648546777,91.7377060592511,31.7377060592511
"601",2.87911005415064,2.84090269359829,0,74.5699691855907,79.0445073635159,19.0445073635159
"602",2.28973330164658,2.90525034137237,0,81.223231605961,68.946465386251,8.94646538625103
"603",2.07672574943493,0.847397382640659,1,15.5428745431816,49.2497202381303,-10.7502797618697
"604",1.97277747660961,2.00704936809535,1,53.9205419557438,53.6918250528029,-6.30817494719709
"605",2.16762017274913,2.82094216493399,0,78.4847292532808,65.1958878492299,5.19588784922988
"606",3.35463302334327,2.33252272446021,0,64.4173918903537,96.5660916921784,36.5660916921784
"607",1.23885509927984,2.29080722735326,1,63.9253350273681,36.4443597584777,-23.5556402415223
"608",3.61188304291356,2.18156419792139,0,56.664276671319,99.2796694188073,39.2796694188073
"609",3.3478121862883,3.80859738296072,0,97.1126570652729,86.4657873081858,26.4657873081858
"610",2.93298458703058,1.37209990831334,0,41.885188021091,90.1835856750785,30.1835856750785
"611",2.22567216219928,2.6246033719261,1,67.1340987816323,55.7958370419365,-4.20416295806348
"612",2.55134549559803,2.12605918542566,0,48.7666626076066,63.2222312186885,3.2222312186885
"613",3.2017599184183,2.49683331895168,0,58.0509083007549,79.4994476809051,19.4994476809051
"614",2.99882599814748,2.87767303068653,0,77.0686173108484,84.0129098489153,24.0129098489153
"615",3.85926347420388,3.84929902040611,0,96.9905225880452,98.7404799496037,38.7404799496037
"616",1.84666116109722,2.50081752551516,1,66.513194527407,48.9420818803547,-11.0579181196453
"617",2.98231948527286,2.61152673877968,0,69.9890394907074,83.9542290938392,23.9542290938392
"618",2.95869219713739,1.89272162014201,0,42.0549758438267,73.9218333942581,13.9218333942581
"619",3.20030076500415,3.28671242852754,0,91.2211293823622,92.7160103372317,32.7160103372317
"620",2.46994701405255,2.07284196111162,0,51.5552306633388,66.0881390742676,6.08813907426757
"621",2.28151602377223,2.67400594304731,0,69.4768668846921,62.434074531743,2.43407453174301
"622",2.83354237819471,3.0806062919344,0,87.9675026627106,85.7865201865663,25.7865201865663
"623",2.32318223060759,2.38185393317776,1,61.6468505563035,59.9195539286734,-0.0804460713266124
"624",3.15693282222072,2.80474291041293,0,78.8681318846923,92.8008779485666,32.8008779485666
"625",2.94822329469243,2.96976416676372,0,82.692637660763,86.2773867479367,26.2773867479367
"626",3.21296972675372,3.43366263172061,0,92.725976631661,89.9969948543276,29.9969948543276
"627",1.40021813099476,2.29966975895089,1,61.9554422498021,38.1608906196325,-21.8391093803675
"628",1.20899494025512,3.14664519554333,1,79.2070634955237,25.538741619229,-34.461258380771
"629",0.957482169071266,1.94727243086023,1,57.0396853036407,32.0391366222085,-27.9608633777915
"630",2.74193359119069,3.25810648751366,0,88.35012514078,77.9263080601616,17.9263080601616
"631",2.47522608165907,2.89309278934421,0,81.9333090636544,75.1786068330649,15.1786068330649
"632",1.54218686103234,2.93784475386384,1,80.7376420740636,43.1957589748925,-16.8042410251075
"633",2.009674133087,2.08203190113701,1,51.118007490353,48.8949015869145,-11.1050984130855
"634",2.01190577940525,2.79205362203434,1,77.7339526619434,57.0800649583127,-2.9199350416873
"635",2.30472640570429,1.79493008336544,0,44.4690261071481,62.4081761930057,2.40817619300574
"636",2.91920190316164,2.73296019850081,0,77.2829004821981,86.8927012289835,26.8927012289835
"637",2.36761469584851,2.95478961268799,0,81.6624852653663,69.929716143526,9.92971614352599
"638",2.90234567160222,2.57606686070791,0,76.4747415924772,90.6517492796943,30.6517492796943
"639",2.2522925628556,1.94301174434102,0,54.0875130372277,67.5090063891596,7.50900638915958
"640",3.45191166633592,1.88557659909787,0,48.5911373530129,95.1677382040036,35.1677382040036
"641",1.46183487004772,3.39914454772859,1,90.002872601174,36.8065747539992,-23.1934252460008
"642",1.22901911204908,2.70600792960863,1,75.3972984453734,36.0847098050869,-23.9152901949131
"643",0.831078888814143,3.52409566443804,1,98.9163923658565,26.2750962244988,-33.7249037755012
"644",2.63696413152877,3.26072641219747,0,89.9228598028474,76.8783428398377,16.8783428398377
"645",3.00049227947691,2.53602096994281,0,68.5810618099145,85.2636588171145,25.2636588171145
"646",2.98580266294788,2.66790300990881,0,61.8499087441717,72.5514574753354,12.5514574753354
"647",3.04691853696488,1.79629402955945,0,46.215345832338,84.399806965463,24.399806965463
"648",0.760568212265323,1.5060446615424,1,38.3372968951813,19.1310907070471,-40.8689092929528
"649",0.441933363212168,3.22623289941935,1,87.482824201091,12.0794483558982,-47.9205516441018
"650",1.63267186757832,2.36906535450548,1,62.6424121751406,42.9419620817015,-17.0580379182985
"651",1.91766686251557,2.80610534087149,0,82.071058810589,63.2070032483995,3.20700324839954
"652",3.30803409812202,1.81139553408471,0,45.8496122692937,90.4943266702667,30.4943266702667
"653",2.96331536140261,2.33031974831686,0,56.2062446638971,76.3862153881114,16.3862153881114
"654",2.40295101128101,2.65100115495729,0,69.068848790039,65.9760542714633,5.97605427146334
"655",3.1173718148139,3.54424559475121,0,96.4899524862898,88.2387973227245,28.2387973227245
"656",2.19816686093259,1.93146094936079,0,49.8271637867882,61.3879858975814,1.38798589758143
"657",1.10276313310954,3.04025251937515,1,87.5299195535095,36.0427103639709,-23.9572896360291
"658",1.49280200518072,3.02513143273219,1,84.8225394679343,43.8285790859331,-16.1714209140669
"659",2.29422648884569,2.30549483321273,1,59.5991349701829,59.2315018819397,-0.768498118060251
"660",3.35984207066686,2.82427273167723,0,76.2543185908815,94.521138251096,34.521138251096
"661",2.22311963505217,2.15410369192607,0,57.4607104184334,63.763398444713,3.76339844471303
"662",3.72792134866025,3.36641409571435,0,81.7664309958138,93.0884536478461,33.0884536478461
"663",3.29381825472428,1.84383443407679,0,49.5675242778525,93.4459850239111,33.4459850239111
"664",3.11093601190948,3.47668159657624,0,92.1030893354563,85.0966686420415,25.0966686420415
"665",3.6599750352853,3.16798887903454,0,79.0375382369461,94.5667548501982,34.5667548501982
"666",3.41288258698296,2.52776756464117,0,64.8640120552333,92.2288800135145,32.2288800135145
"667",2.68573652225838,2.25912553225987,0,62.2042560055643,78.3671198650444,18.3671198650444
"668",2.19170675974039,3.04819042472283,1,81.1512412534422,57.5248283627233,-2.47517163727674
"669",3.09547248203111,4,0,98.4784415188821,74.9873953632332,14.9873953632332
"670",2.54010365988513,2.95199980778305,0,75.4502926924232,67.3055242378608,7.30552423786079
"671",2.24104274915117,3.13299111743836,1,81.0282230952005,55.9123307095078,-4.08766929049217
"672",1.57920809593183,2.59558866299775,1,73.742193671802,47.1846758945161,-12.8153241054839
"673",2.60083610832369,2.42176108694607,0,61.4282823121037,69.8050995135602,9.80509951356017
"674",2.86689899163885,2.89487653387632,0,77.0033628810733,79.8193175409588,19.8193175409588
"675",2.88107578214887,1.80206732169474,0,47.902125136639,81.7452187571459,21.7452187571459
"676",2.90303686122811,2.2467552335925,0,58.3343124833487,80.0380860137512,20.0380860137512
"677",3.30676615742547,1.96613161216007,0,43.0093202605338,81.998001890707,21.998001890707
"678",2.51226849753634,1.90463076147999,0,52.4517256673683,73.8310320908159,13.8310320908159
"679",2.32806284584163,2.2228338345384,0,54.7208303531887,61.0774637368873,1.07746373688725
"680",1.09503039317759,3.1247255601963,1,94.7509588878038,41.6029012874483,-18.3970987125517
"681",3.16692169982543,3.03933945784351,0,74.6194349357298,80.3080880227497,20.3080880227497
"682",1.87769628823162,2.86638806458908,1,76.4873446264005,49.5435632365687,-10.4564367634313
"683",3.02565564718451,2.42998444458135,0,63.9570708447777,83.9585441457566,23.9585441457566
"684",3.25750124767781,3.1226865049489,0,84.2729327473252,91.4311199364947,31.4311199364947
"685",1.43814560799465,3.28611571068812,1,93.362676209254,43.8724192098332,-16.1275807901668
"686",2.71868696023404,2.63480448712607,0,64.7827679741564,69.928664412008,9.92866441200805
"687",3.16217178835233,2.28970354604851,0,64.1047084429591,92.4285686802822,32.4285686802822
"688",3.36702915827925,1.89618216670423,0,49.2817004699815,93.3523549074674,33.3523549074674
"689",2.51380257535916,3.2130669172814,0,90.2127913220804,75.4784521225795,15.4784521225795
"690",2.02720893397648,3.30671473951602,1,83.9187594249101,47.8581617830497,-12.1418382169503
"691",3.08286862948835,1.13943445420187,0,22.1709958447019,78.535670231446,18.535670231446
"692",2.54022723853762,2.60611694326133,0,69.0354127768908,71.108769361058,11.108769361058
"693",1.99827575414494,1.55258449563761,1,38.8610091119193,51.5179856622137,-8.48201433778634
"694",1.16928093989371,3.29300777961761,1,86.3427763546386,28.098176658506,-31.901823341494
"695",3.03996836780217,2.46029765374768,0,64.9712279006262,84.5458344827784,24.5458344827784
"696",1.82683263903649,3.09942053147801,1,86.2966104154544,52.1134432777059,-7.88655672229414
"697",1.24117607559415,2.82712563494588,1,80.099094645528,37.9891345729608,-22.0108654270392
"698",2.25405857775736,3.24378192772757,1,82.6951330039683,54.5860244751259,-5.41397552487412
"699",2.60383811037372,2.61911976628212,0,70.6113205085355,74.2580511643348,14.2580511643348
"700",2.47827096483093,2.45548604429647,0,66.2627526965078,71.1215763100077,11.1215763100077
"701",2.44378485114093,2.15743896872961,0,64.6984890383452,78.161883721317,18.161883721317
"702",1.54302772053135,2.53918111996302,1,69.0449802314192,42.5071358688585,-17.4928641311415
"703",1.41048060956092,2.71136989138503,1,77.9496820064948,43.812901539248,-16.187098460752
"704",2.5340809646432,2.76782778108665,0,73.9105068874677,71.3884379539953,11.3884379539953
"705",2.1996917263288,0.911851004700252,0,28.4786970535912,69.7429107398121,9.74291073981213
"706",2.94066124239477,1.62055811695808,0,44.9984243006474,85.8903243553859,25.8903243553859
"707",2.77583137037937,2.08814386553423,0,58.9653137317584,82.58917482274,22.58917482274
"708",2.67430605854528,2.88503131603244,0,79.5506109433879,77.9786762649549,17.9786762649549
"709",3.26420227248797,3.66989421255215,0,98.0798922639691,89.9320177952916,29.9320177952916
"710",1.18285216206147,1.90064587178525,1,47.1113930966591,27.8812676955465,-32.1187323044535
"711",3.35806807724904,2.42856793606592,0,60.9572383763166,89.3960830110511,29.3960830110511
"712",3.05848806994151,3.25096165358974,0,83.2972176541303,80.6945566485476,20.6945566485476
"713",2.22385938909493,2.47504603868345,1,65.4378887499267,58.66621585204,-1.33378414795995
"714",3.53844371823097,3.22075165615075,0,87.0293913667635,99.0229283258604,39.0229283258604
"715",3.39967866462618,3.52873524385085,0,93.8638211089249,93.2352129934047,33.2352129934047
"716",2.85750173866523,3.34518678675876,0,87.9366114819842,77.6766310375182,17.6766310375182
"717",2.29056839198,3.05516602566348,1,78.2906297379998,56.56710422852,-3.43289577147998
"718",3.11653832353892,3.5054579254178,0,89.7042696993025,81.4583792305788,21.4583792305788
"719",2.70433423623641,1.53553027379586,0,45.8714270577041,83.3675472013978,23.3675472013978
"720",3.29113255368347,2.0903608289022,0,53.0810646381416,89.4116468318491,29.4116468318491
"721",1.54297630843341,2.96038972122785,1,76.1612976948121,37.0545377822852,-22.9454622177148
"722",1.85705519837375,3.242813658405,1,88.5662946826528,50.889677685892,-9.11032231410801
"723",1.70789264947777,1.71430256667243,1,46.1544179109557,47.0140305900263,-12.9859694099737
"724",2.81258654774971,0.572778145070443,0,11.8922392024706,77.7623577771952,17.7623577771952
"725",3.2685915251052,2.54096073298878,0,65.8127040073227,89.0355580540104,29.0355580540104
"726",1.49135629299246,2.50423880661206,1,66.613052742731,39.3882332216696,-20.6117667783304
"727",1.99493435818423,2.88522306743062,1,80.1016607739504,56.3575149751717,-3.64248502482829
"728",2.71267552824479,2.15488466789477,0,55.7173680648236,74.8444475106632,14.8444475106632
"729",3.24091857025796,2.25670071798331,0,56.8642072087479,87.0599990682383,27.0599990682383
"730",3.27467334113985,2.1106754063468,0,50.6636978474336,85.4366483161985,25.4366483161985
"731",1.96209409489017,2.91284872977409,1,81.4015686036576,56.1031270324607,-3.89687296753926
"732",2.04742392852429,1.90672980206572,1,46.9176342544858,50.7123970123755,-9.28760298762448
"733",3.66184216499453,3.75287192346113,0,92.1418967684768,90.8641302783583,30.8641302783583
"734",1.89649182167577,2.44074949090863,0,71.5199008520049,62.1804004759129,2.18040047591291
"735",2.02541862127016,3.41324907701613,1,93.8588576779841,56.0713987733993,-3.92860122660072
"736",2.33631217063794,0.525508510588211,1,7.96566588652312,57.8666319278521,-2.13336807214788
"737",3.11315675502574,1.86339321343563,0,44.6529881245423,82.120764082509,22.120764082509
"738",2.34609585244528,2.78995761062669,0,71.4655380183859,62.7060833476319,2.70608334763187
"739",2.94339824069192,2.94818734347225,0,73.5819345225052,76.0690392860794,16.0690392860794
"740",3.22003478469824,3.57275224640504,0,91.0293302273294,83.5947973637551,23.5947973637551
"741",1.94005897815709,2.45941442618946,1,62.1330329439858,47.6318832359755,-12.3681167640245
"742",2.11418682420721,2.15713108999372,1,58.6343733030842,58.1336369693875,-1.86636303061248
"743",1.51844581642262,2.86787523771983,1,72.3091640411964,34.8809564167715,-25.1190435832285
"744",2.5934460867309,2.52414103917898,0,74.5450339624683,81.7665643702557,21.7665643702557
"745",2.22951467244578,3.15790611779364,0,84.8641530443411,63.3131100546331,3.31311005463315
"746",0.0854230424919058,1.47908840038877,1,39.0778300851456,2.73169879818828,-57.2683012018117
"747",3.01240316160637,3.02084631544342,0,80.4999523108092,83.7242507473057,23.7242507473057
"748",1.02066105545096,1.35655111291098,1,42.3384303848022,35.7930282478522,-24.2069717521478
"749",1.61878307765628,3.21549188152983,1,89.1893756994587,46.117179704087,-13.882820295913
"750",3.15645830880215,1.39773675492273,0,36.0594059337559,88.4520785612362,28.4520785612362
"751",3.60345944725922,3.14507727825423,0,81.7671258178972,97.0337112453348,37.0337112453348
"752",3.1880586045582,3.07248369917705,0,80.4525272493412,86.6925950072048,26.6925950072048
"753",3.57308702665742,2.39859769087577,0,63.4056746730336,99.0682232883054,39.0682232883054
"754",3.37052460524288,1.25035580400177,0,32.5647787566191,94.9291078352708,34.9291078352708
"755",2.58163195636045,2.89096202655112,0,79.0061137596809,74.6450601628399,14.6450601628399
"756",1.85846422881854,3.07729276713941,1,83.6832486052281,50.5986789097454,-9.40132109025463
"757",1.8635979405958,3.22234075390669,1,88.3444194008818,51.4775312331492,-8.52246876685077
"758",2.33116239159739,2.35033444678579,0,66.1180497462273,70.4570399407004,10.4570399407004
"759",3.3044910331328,3.55539928754335,0,90.7130741943753,86.0643175469076,26.0643175469076
"760",2.18777766028671,1.73295498862552,0,43.4025246562338,60.0407621900012,0.0407621900011534
"761",2.40161839026602,2.30069496972342,0,58.9839474446857,65.5395911799681,5.53959117996806
"762",2.30989163566292,3.29674262668381,0,88.5008926447467,65.2078307159168,5.20783071591678
"763",2.28547149896248,3.25060352385705,1,86.6412193471173,59.8796205903184,-0.120379409681647
"764",2.56496380186093,3.10670220803868,0,84.3546618539103,73.422069031003,13.422069031003
"765",2.56194248337534,1.9106736748574,0,44.4649126750193,65.5098793740768,5.50987937407685
"766",2.30688866901251,0,0,1.57638236194592,70.8130284879626,10.8130284879626
"767",1.41750360930607,2.24786992623592,1,61.8973406738188,40.2639479624797,-19.7360520375203
"768",1.62073971886715,1.9373633239548,1,44.9852298843984,35.9347269171166,-24.0652730828834
"769",1.09926749764439,3.09089895946488,1,85.602340878223,31.9970974428482,-28.0029025571518
"770",1.83385831623201,1.99803459569021,1,51.8093710185551,47.7510955148897,-12.2489044851103
"771",2.22343852690341,1.56270157451233,0,43.5630690755184,66.8001836377561,6.80018363775615
"772",2.45867164922735,3.33752263889998,0,91.0692453241326,70.9086235925977,10.9086235925977
"773",3.66200263809221,2.45355723839101,0,60.9447247412526,96.735138809704,36.735138809704
"774",3.08715525268909,3.41533163252533,0,91.4587085007753,85.7152173380377,25.7152173380377
"775",2.28096401492678,2.49989427952201,0,69.5748167783177,68.2721996877521,8.27219968775209
"776",2.16324701760777,3.20577768680488,0,88.1546453389685,63.8496447246194,3.84964472461936
"777",1.80505192555776,2.45077920789534,1,69.4230113991884,52.9173538182261,-7.08264618177395
"778",2.93183808497456,3.0586274931419,0,85.1180242818108,85.7808018513099,25.7808018513099
"779",3.29217292745181,3.03934931287321,0,82.7883962830617,93.3518269222118,33.3518269222118
"780",2.80372762131828,2.15749554793444,0,59.326522026665,81.4823443591464,21.4823443591464
"781",2.68047439113743,2.99485304252851,0,76.5115744243878,70.9269837144332,10.9269837144332
"782",2.7905295947471,0.137088394878552,0,0,77.4413333651179,17.4413333651179
"783",3.23795035060502,2.77065153078908,0,73.3928535017323,89.6197615472654,29.6197615472654
"784",3.11234385068537,3.49135326740343,0,87.9514425962755,79.7344647169297,19.7344647169297
"785",2.59188134116892,1.39968892389325,0,32.8888339863703,69.4431750229304,9.44317502293043
"786",1.98991687872584,2.22037092790559,1,57.4315900935283,51.2820232451873,-8.71797675481274
"787",3.65465790437982,2.52076479958441,0,60.4483723191809,93.7352293413687,33.7352293413687
"788",2.79965422366856,2.27787741638316,0,63.2896924000212,82.0996129900093,22.0996129900093
"789",0.656240200127629,2.0009377243774,1,57.0367100842952,22.1625129175584,-37.8374870824416
"790",2.14167471847891,3.38996403982836,1,90.9441463805032,56.5146871019659,-3.4853128980341
"791",2.20584494103109,2.17382625182794,1,55.7672326572504,56.6541126210682,-3.34588737893176
"792",2.46245705195467,2.28296894283483,0,67.1239542622907,77.4004357343162,17.4004357343162
"793",2.98918668393432,2.04637876272102,0,62.1544471137874,93.4823775744999,33.4823775744999
"794",3.30002299644496,2.66637234734978,0,69.9658781269795,90.6673597446115,30.6673597446115
"795",2.80495017552371,1.19443405779286,0,27.6109979955425,75.6885211834505,15.6885211834505
"796",2.53617369294296,2.08194192166656,0,60.6077859772312,78.2907298385881,18.2907298385881
"797",2.70242013295002,3.28032404061085,0,85.4272375436033,72.6696680062404,12.6696680062404
"798",2.06644589356038,2.21056030560105,1,57.1016715143327,53.2735634557784,-6.72643654422165
"799",2.91743123506192,2.53416403780949,0,70.0280493966466,84.8037277966757,24.8037277966757
"800",3.09327085728393,3.13483348113898,0,81.928682540154,83.8360918790333,23.8360918790333
"801",1.61133380432191,1.85768074452358,1,48.5042721429679,42.4746825544775,-17.5253174455225
"802",3.2894341022363,3.48782917278603,0,91.7244433448112,89.0833790518726,29.0833790518726
"803",1.6680568644269,2.01560389956751,1,58.4680998092695,50.5970458532004,-9.40295414679963
"804",3.4174234113403,0.78318206206264,0,16.9433935001945,93.0844185695151,33.0844185695151
"805",2.94842345968803,2.39754139713261,0,63.6819967743533,82.6238717885891,22.6238717885891
"806",0.912141365096969,1.08059341795557,1,26.2503873242134,22.9136347010733,-37.0863652989267
"807",2.48746914623534,2.35753391948309,0,61.4626407181789,68.911967959961,8.91196795996099
"808",2.26108911476548,2.5361932205633,0,76.4815249545443,74.7207941338765,14.7207941338765
"809",2.67662857370034,1.94063622029799,0,51.8565164534041,76.3618279492231,16.3618279492231
"810",2.92987249966132,3.20171458304731,0,84.7705920276561,80.6017478089231,20.6017478089231
"811",2.57536385067201,2.56793211332926,0,67.2864513007029,71.2410658949511,11.2410658949511
"812",3.2868067454833,0.336059115461381,0,2.86217001919922,87.6270123269571,27.6270123269571
"813",2.33440592135759,1.89099592422614,1,46.1651708800972,58.0608807396954,-1.93911926030459
"814",2.49624421603281,3.42419805044207,0,98.1650444881717,77.4668552098231,17.4668552098231
"815",3.30811794222789,2.14795943845074,0,53.7989256554856,88.8208977428501,28.8208977428501
"816",3.3614285107185,2.74508159230739,0,76.675346018435,97.6717765385663,37.6717765385663
"817",2.08640631561204,2.95875047653582,1,81.6505681302294,58.2301310216859,-1.76986897831413
"818",3.27250800067955,3.34619494916138,0,90.0467270926156,91.3079732001876,31.3079732001876
"819",2.120420464061,2.97547393257574,1,76.8040077060767,52.8546222797575,-7.14537772024252
"820",1.63046703345299,2.97589459764581,1,76.6817624959067,39.5139334432847,-20.4860665567153
"821",0.990872098673725,2.01178184401817,1,52.6969227561064,25.6689166761359,-34.3310833238641
"822",2.92978916709649,1.09706720103578,0,30.9531528739722,86.213512987733,26.213512987733
"823",1.7687912402132,2.46459632053665,1,66.2097166731348,47.6811041467383,-12.3188958532617
"824",3.18512069713542,3.25667595190643,0,88.5145881043901,90.0920345161196,30.0920345161196
"825",2.59517732689343,2.60837537158509,0,73.3071829120122,77.5716785084513,17.5716785084513
"826",2.34048224706042,1.89652415756564,0,53.2735255092976,70.4495133995755,10.4495133995755
"827",0.865096817779651,1.02145987398156,1,29.5742322358257,27.5326776962467,-32.4673223037533
"828",2.62306133456662,1.03687252310381,0,27.4418905462248,75.7862373285902,15.7862373285902
"829",2.97216114747786,1.21538468226156,0,37.9395306345802,91.7286815304718,31.7286815304718
"830",0.236429127446743,2.0776307715826,1,59.7312956114869,11.531683794066,-48.468316205934
"831",1.82498139836875,3.68893961452581,1,94.5878256468949,42.4579823701362,-17.5420176298638
"832",2.53308862669476,2.63906734175333,0,63.1574213772456,62.8698920883375,2.86989208833747
"833",2.22862065962763,2.28281346472733,0,63.5694998956587,66.9048414094313,6.90484140943134
"834",1.82255817965869,1.93387323156689,1,51.3194956704672,48.9810428563049,-11.0189571436951
"835",2.73843251414947,2.54474000150894,0,75.5602374604537,86.190917123747,26.190917123747
"836",2.78334459503548,2.93993504183276,0,85.0286013434697,85.5906419205953,25.5906419205953
"837",2.42700392841131,2.82356647816646,0,78.774859483557,72.4316537342902,12.4316537342902
"838",0.902585535569844,1.16852059602554,1,27.1159018986747,20.7843365243087,-39.2156634756913
"839",2.02923673472375,3.47550709835035,1,94.5265717482172,54.9134730440552,-5.08652695594485
"840",2.40592762807004,1.18612415683254,0,32.8792002093176,71.4656921707176,11.4656921707176
"841",2.47024202895673,2.88503356016664,0,79.1932881552889,72.0651529765658,12.0651529765658
"842",3.01873490245068,3.21378798435816,0,91.3156982924088,90.345887236262,30.345887236262
"843",3.54918280836125,3.02976918383534,0,72.4978524203158,88.3955385626379,28.3955385626379
"844",2.31802965660839,2.93015411516161,1,75.0074952835244,57.5369820825989,-2.46301791740111
"845",3.23010452171402,3.60665635129604,0,90.31992236156,81.908453817886,21.908453817886
"846",3.11892224629133,2.67518496712017,0,71.3197978544159,87.1079197511493,27.1079197511493
"847",3.2847102776058,1.287347317011,0,28.3408472868471,86.399173489286,26.399173489286
"848",1.62237365141871,2.87762646002616,1,78.1465095141446,44.2687664388615,-15.7312335611385
"849",2.47649600630505,2.36746840787294,0,54.6601775779779,60.2334783542046,0.233478354204593
"850",4,2.09812814800199,0,44.2818108964669,97.8069417020453,37.8069417020453
"851",2.4734713031132,3.3821389670728,0,89.9418746330172,68.5015906738702,8.50159067387018
"852",2.37625266605009,2.6797005230042,0,74.5416922670368,70.7933959628067,10.7933959628067
"853",1.86074153498091,2.53754134515939,1,63.6208909536631,44.6856067839158,-15.3143932160842
"854",3.1414652839673,2.42058515499313,0,63.9301623805131,87.3522091443631,27.3522091443631
"855",3.47995369244701,3.4250251693607,0,91.2003368354878,95.6579647432121,35.6579647432121
"856",3.35901196314689,3.12392297370861,0,81.3751770374271,90.6897844281092,30.6897844281092
"857",3.1354619697943,3.65452855459782,0,92.2720451983476,80.0965649613972,20.0965649613972
"858",2.44416022052681,2.56871783542566,1,58.2835315309647,53.0342068291672,-6.96579317083285
"859",3.09864438869741,2.57675068130262,0,73.3321807066821,92.1889534483631,32.1889534483631
"860",2.9632953736585,1.70181444396662,0,40.923499742341,78.9961031832813,18.9961031832813
"861",1.03716747626442,2.76530636710742,1,72.6027870911694,25.6596711634449,-34.3403288365551
"862",2.85953910795116,3.1885210766184,0,89.8956319846638,85.2135794281944,25.2135794281944
"863",2.5142970791224,1.671460756335,0,45.6435978796528,73.5059331058016,13.5059331058016
"864",1.30645996033821,1.7265912081292,1,48.5037814460827,38.5909570484244,-21.4090429515756
"865",2.1813828344701,1.64329075702811,1,43.406324030105,58.8385160971453,-1.1614839028547
"866",3.36069253376772,3.37767946716854,0,92.8654241558638,95.9812225380097,35.9812225380097
"867",1.13957943860918,2.38546236992197,1,69.0188592280697,36.6865726120116,-23.3134273879884
"868",1.56042119350343,2.5321120269458,1,65.5722182731952,39.0953583863271,-20.9046416136729
"869",3.17675597470725,2.33625380802213,0,62.8229877634038,89.7692242725005,29.7692242725005
"870",2.48811042134252,3.54334314177844,0,97.9875482971602,73.111985283272,13.111985283272
"871",2.85575283028868,3.36230157665614,0,84.1998969059371,72.6403846165416,12.6403846165416
"872",1.64070485519423,2.53499036909831,1,69.2586366636585,45.5262223466662,-14.4737776533338
"873",2.4914084454531,2.46175720243047,0,64.257783083091,68.8939864970993,8.89398649709928
"874",2.32873487650172,3.21117077849618,0,86.7053093122574,66.4079480516193,6.40794805161926
"875",2.82348419356832,3.02984741210104,0,79.600556725101,77.2797310384268,17.2797310384268
"876",2.30046795604019,2.17644977584199,1,55.4372744645569,58.7227147896189,-1.27728521038105
"877",2.26079362103484,3.62141572906634,0,94.9576875995321,60.8354424088414,0.835442408841431
"878",1.59879151092388,2.26830459142593,1,60.7633530945932,43.1251833139254,-16.8748166860746
"879",2.51346063523402,2.84334912068476,0,82.3021606796345,78.2831682004918,18.2831682004918
"880",2.5681572232113,3.57559606700007,0,98.1916657789322,74.4446171576678,14.4446171576678
"881",1.44647533173483,1.20819965701329,1,32.6536503398587,40.6682731615526,-19.3317268384474
"882",2.65986910417212,2.81928553100577,0,76.1204089988619,75.6943091699716,15.6943091699716
"883",3.74185305544982,2.54832790436425,0,60.0430407379633,94.6929658623565,34.6929658623565
"884",1.86115290797309,3.60269147993797,1,97.1929503418725,49.3582000009915,-10.6417999990085
"885",2.41368971328093,2.47562094949502,0,68.2026448941656,71.0179376309442,11.0179376309442
"886",1.22868671016685,1.9646482117321,1,52.2093326729502,33.0428679155144,-26.9571320844856
"887",3.39283357774598,1.79620987783822,0,44.5323591423913,91.7162229498981,31.7162229498981
"888",1.5833442386164,3.26363207010997,1,92.9186035941442,47.9938830703856,-12.0061169296144
"889",1.06762729504919,2.20508752647366,1,67.0954495261253,38.4162438184797,-21.5837561815203
"890",1.17771461923292,1.26219123184653,1,37.487259906966,37.3825955551279,-22.6174044448721
"891",2.45824974914891,2.62301227104572,0,69.789994827875,69.240112589765,9.24011258976496
"892",3.09250604845695,3.57355123915468,0,93.5262403044788,83.0943495490239,23.0943495490239
"893",0.621337627350817,2.61388766418215,1,64.5228957484484,9.89240042921937,-50.1075995707806
"894",2.32180554087941,2.75107770731452,1,69.760401597541,57.325188170086,-2.67481182991397
"895",3.10308319307565,3.35791046515011,0,86.7615134262345,82.4730573403912,22.4730573403912
"896",2.09749923390084,2.45671377127483,1,67.8610196790124,58.7402092093001,-1.25979079069987
"897",2.96710419374802,2.94723347339646,0,77.7083786641357,81.6250746133282,21.6250746133282
"898",3.68988423389592,3.11795046766565,0,77.961558558612,95.7459735412808,35.7459735412808
"899",1.52554877712051,3.43279853253737,1,90.4846856199083,37.9824749597078,-22.0175250402922
"900",1.97833831046541,3.86123835670373,1,100,47.3162126145942,-12.6837873854058
"901",2.35848227026453,3.02045870692695,0,81.0491685470511,66.793885088156,6.79388508815599
"902",2.70744900842162,1.17175155499573,0,28.3742450169777,74.7165551722071,14.7165551722071
"903",3.30746159260156,2.44141194756551,0,65.4004783378556,92.8732935113907,32.8732935113907
"904",3.16279576148377,3.15960974965187,0,79.5497284807577,82.0729496437682,22.0729496437682
"905",0.748372587555434,3.25245297185599,1,90.7349992361168,23.3115941057227,-36.6884058942773
"906",2.96594341573698,3.61754154884389,0,97.8226838730733,83.3278654143975,23.3278654143975
"907",1.66605449642923,1.18561588041319,1,30.7722936200926,45.0920982666216,-14.9079017333784
"908",3.00443577167725,3.22777241859983,0,88.4259612053109,86.078171666909,26.078171666909
"909",2.60226670428054,1.66436433246762,0,42.6926401568494,72.6118419024478,12.6118419024478
"910",2.12282357061806,3.3919336970961,0,93.0488121981777,62.4242146767273,2.42421467672732
"911",1.06812432646297,2.29074335920829,1,63.8342798532992,31.7451680468636,-28.2548319531364
"912",3.40037798831976,2.48243198989527,0,61.6035988719289,89.5250609922925,29.5250609922925
"913",3.35480540478589,3.07044598082494,0,83.860854303051,95.2823753515762,35.2823753515762
"914",0.805063019142086,0.959976383691898,1,24.2821719255451,21.6761642210532,-38.3238357789468
"915",3.09679110213092,1.99504732588377,0,56.9399223420633,91.8934350043088,31.8934350043088
"916",2.94388193874402,1.99749539203686,0,45.7452036307144,74.441280175004,14.441280175004
"917",1.59955392850213,3.45587716072302,1,99.8966950023004,50.3594351760774,-9.6405648239226
"918",2.74316330325443,3.23407922508713,0,94.3249139653523,85.8268245998751,25.8268245998751
"919",2.58220194620275,2.8113172981875,0,71.1306850430983,67.958094180492,7.95809418049203
"920",2.47620136535816,3.35568649536978,0,90.6729928857164,70.3124887525363,10.3124887525363
"921",3.38757451975666,2.96454447019611,0,77.2990592455298,91.8825688213012,31.8825688213012
"922",1.56112069423824,3.00991818158692,1,79.6333001360337,40.0225158681756,-19.9774841318244
"923",1.83513206795672,2.96962990641024,0,86.6975918180979,61.0773359634123,1.07733596341226
"924",2.35018544287171,2.70971318937506,0,73.9416045801896,68.3924847540999,8.39248475409987
"925",3.38451108632444,2.38606209137817,0,58.8207725268132,88.9779501731308,28.9779501731308
"926",2.58131686799819,2.28812659128943,0,57.8102370555771,69.3984712713009,9.39847127130095
"927",3.43193459059013,3.3943430247157,0,79.4465273683552,81.4573756875303,21.4573756875303
"928",2.45611789833812,1.66727084943298,0,45.2746134105667,71.6417208619212,11.6417208619212
"929",2.9473697769759,2.4683772365556,0,67.896965381104,85.2531221549607,25.2531221549607
"930",2.39174412993885,2.61853576864981,1,66.3244556295599,59.5050513630903,-0.494948636909733
"931",2.76198326704456,2.72002939021514,0,74.9814493643794,80.3633207159789,20.3633207159789
"932",2.46366238184089,1.9000802881462,0,53.9355263773249,74.4304497514396,14.4304497514396
"933",2.77979511409628,3.71389483077339,0,98.1943609981469,75.5849227025866,15.5849227025866
"934",2.54599419811796,3.17362413529865,0,76.9282846779638,61.9118215519877,1.91182155198768
"935",3.46270557383231,2.33209701569965,0,52.9845032052646,85.9482098791289,25.9482098791289
"936",2.34840311430869,2.04724434759405,0,55.3028965829343,68.099705960295,8.09970596029501
"937",2.42808469940819,2.14998972379505,0,57.4942379300366,69.4531856784343,9.45318567843428
"938",2.94593411394859,2.29927549934153,0,62.0618729642306,83.8761013952645,23.8761013952645
"939",2.02422586782701,3.30820393172855,1,88.526820433668,53.1859997844325,-6.81400021556748
"940",2.88402258674032,3.02767663629311,0,83.9579831380905,84.140373911514,24.140373911514
"941",2.6483537325415,3.3777855088434,0,91.1367597400925,74.7652595635172,14.7652595635172
"942",2.50266016603661,0.952562086044186,0,21.5579087424703,68.356712829366,8.35671282936599
"943",2.68853494536105,2.81480005694617,0,79.6732140989521,80.8208145542058,20.8208145542058
"944",3.24780880939725,1.80213104737062,0,45.2198032883298,88.4333865043552,28.4333865043552
"945",2.97234748522043,2.70921525931618,0,72.7209261928465,83.7023770051038,23.7023770051038
"946",2.4987369826356,3.09840982730222,0,88.635473466002,76.9831046619468,16.9831046619468
"947",0.596998965122798,3.04951912280922,1,73.9341783217227,6.02897463501954,-53.9710253649805
"948",3.22488909226047,2.70076698289035,0,71.1541884553562,88.9198748276141,28.9198748276141
"949",1.60681034439554,3.37388222177012,1,90.2326483352963,41.8116073459296,-18.1883926540704
"950",2.96399884524555,1.2722148263097,0,36.2641935542059,87.6524811623842,27.6524811623842
"951",2.24123604983903,3.05743896907361,0,80.7907598065746,62.114885170404,2.11488517040403
"952",3.3223923765778,3.02080042224174,0,76.908144143279,87.8122815379829,27.8122815379829
"953",1.65082943307211,3.5364685498263,1,93.9088477305216,41.9923042400143,-18.0076957599857
"954",3.04883823087673,2.67454357896561,0,70.5661637453826,84.3509605504553,24.3509605504553
"955",2.91451991015171,3.36657823694857,0,87.9341200243919,78.502889977618,18.502889977618
"956",1.54941276972483,1.21968495242865,1,35.0120464429466,45.8523011258736,-14.1476988741264
"957",3.47879956777921,2.83551272659694,0,63.1983613533684,81.8895846646384,21.8895846646384
"958",3.46511525415953,2.43217541004913,0,63.5898306566326,95.2749774308476,35.2749774308476
"959",1.59658439870445,3.44043195951053,1,95.1507898893248,45.1680507348025,-14.8319492651975
"960",3.37927047627339,2.38183522534559,0,61.2604979029836,91.8655096613244,31.8655096613244
"961",3.52391711575311,2.40873027928748,0,62.6685863146193,96.5385441965586,36.5385441965586
"962",2.13294511597435,3.27416242622504,1,85.2812046585509,53.389058305707,-6.61094169429298
"963",1.84085178569378,2.59564947277383,1,67.2644544910562,46.5507611453372,-13.4492388546628
"964",2.20379951085538,2.31210184354925,1,59.1740922196787,56.0775256459049,-3.92247435409513
"965",3.34361756010468,2.22875210664301,0,62.1935959471778,97.0554012448513,37.0554012448513
"966",2.19428430689127,2.48709999203186,1,65.0582978497635,57.0237928025187,-2.97620719748133
"967",2.21731619944308,1.3321715834078,0,40.7882034664261,70.9452496019131,10.9452496019131
"968",2.60906823190883,3.54611642706426,0,91.9737299480907,69.1529862695404,9.15298626954038
"969",2.07332305047104,2.93987424080603,0,82.7354940532475,63.7740715945216,3.77407159452157
"970",2.3546374758681,3.16049247415022,0,89.1399865666009,71.6580029717565,11.6580029717565
"971",3.28583418510158,3.34500374507648,0,86.021536252228,86.9388678827674,26.9388678827674
"972",1.75492386112645,3.41447534166513,1,89.2867351167072,43.3388042762512,-16.6611957237488
"973",1.59681754831813,3.43184211159872,1,91.6732333169416,41.3390104204484,-18.6609895795516
"974",3.59678708760768,1.86470376990596,0,46.900792678188,97.7515135909995,37.7515135909995
"975",2.92939431588396,1.3194022035304,0,33.2470073514873,81.5934843595431,21.5934843595431
"976",2.52730268828075,2.78853743695604,0,70.4904537052967,66.4734380217535,6.47343802175352
"977",2.90704901610242,2.57991790885435,0,61.8659185826468,73.3506814769789,13.3506814769789
"978",2.67998696122954,1.75065991374314,0,43.7897319234445,73.1586917900293,13.1586917900293
"979",3.19476926927824,2.65955849892368,0,74.9803959706381,93.9985725451302,33.9985725451302
"980",2.30326398985207,2.47528760691008,0,64.933991880533,64.1869973025291,4.18699730252906
"981",3.6430291680568,2.80179064620315,0,68.4571690785606,93.6470994946906,33.6470994946906
"982",3.49303449278219,3.0648397285251,0,75.6120218228132,89.4173118022395,29.4173118022395
"983",1.65700380883532,2.12904332724479,1,57.0372127232398,44.867288644029,-15.132711355971
"984",2.35135142061142,1.83677410513442,0,45.7179887783649,63.7629514601096,3.76295146010964
"985",2.03063056145057,3.3070659554835,0,91.921092958977,61.4046611701164,1.40466117011637
"986",3.33614673009366,2.94387434605489,0,79.3413076566532,93.5985626096118,33.5985626096118
"987",3.10851452561335,2.39421006453069,0,69.0316995824791,93.37630946024,33.37630946024
"988",2.20473022335393,3.36198107902351,0,89.5896416619897,61.5182537265322,1.51825372653222
"989",3.39449233171238,3.03436572026907,0,73.2720085292066,84.9989855897884,24.9989855897884
"990",2.53223592782807,2.32585648186917,0,55.4066929769929,63.9883297866714,3.98832978667136
"991",2.84367045906511,2.02373093488315,0,51.9070200751828,78.1778815698899,18.1778815698899
"992",3.63982146105766,3.08519703006287,0,80.2761132159144,98.2193205759378,38.2193205759378
"993",0.665354691242565,1.92445073488655,1,50.3394211901233,16.996616596997,-43.003383403003
"994",2.51770246540116,0.796138760818007,0,14.4199838975134,65.4623744941173,5.46237449411733
"995",2.99889973280883,2.17447573025678,0,66.1238730188322,94.2237623572214,34.2237623572214
"996",3.27064900983938,3.04431668824494,0,80.0286373685925,89.3407711574088,29.3407711574088
"997",2.22275762351612,1.62549034091709,0,47.4739085594563,69.3444450495503,9.34444504955029
"998",3.26274087428269,2.03976743992791,0,54.2650630381274,91.7169965119654,31.7169965119654
"999",2.98685010280326,2.83306051265007,0,69.8903333517742,76.6596934509482,16.6596934509482
"1000",2.39022593752612,3.45711324618892,1,88.8832424839729,58.5486644239402,-1.45133557605977
